-- phpMyAdmin SQL Dump
-- version 4.6.5.2
-- https://www.phpmyadmin.net/
--
-- Хост: 127.0.0.1:3306
-- Время создания: Авг 29 2017 г., 17:58
-- Версия сервера: 5.6.34-log
-- Версия PHP: 7.0.14

SET SQL_MODE = "NO_AUTO_VALUE_ON_ZERO";
SET time_zone = "+00:00";


/*!40101 SET @OLD_CHARACTER_SET_CLIENT=@@CHARACTER_SET_CLIENT */;
/*!40101 SET @OLD_CHARACTER_SET_RESULTS=@@CHARACTER_SET_RESULTS */;
/*!40101 SET @OLD_COLLATION_CONNECTION=@@COLLATION_CONNECTION */;
/*!40101 SET NAMES utf8mb4 */;

--
-- База данных: `germanyMVC`
--

-- --------------------------------------------------------

--
-- Структура таблицы `costs`
--

CREATE TABLE `costs` (
  `id` int(6) NOT NULL,
  `model` varchar(6) NOT NULL,
  `month` varchar(14) NOT NULL,
  `id_costs` int(6) NOT NULL,
  `cost` float NOT NULL,
  `comments` text NOT NULL
) ENGINE=InnoDB DEFAULT CHARSET=utf8;

--
-- Дамп данных таблицы `costs`
--

INSERT INTO `costs` (`id`, `model`, `month`, `id_costs`, `cost`, `comments`) VALUES
(7, 'plan', 'January', 2, 78, ''),
(8, 'plan', 'January', 5, 450, ''),
(9, 'plan', 'January', 6, 253, ''),
(10, 'plan', 'January', 8, 591, ''),
(11, 'plan', 'January', 9, 505, ''),
(12, 'plan', 'January', 11, 50, ''),
(13, 'plan', 'January', 12, 50, ''),
(14, 'plan', 'January', 13, 220, ''),
(15, 'plan', 'January', 15, 2211, ''),
(16, 'plan', 'January', 17, 1841, ''),
(17, 'plan', 'January', 18, 2000, ''),
(18, 'plan', 'January', 19, 150, ''),
(19, 'plan', 'February', 2, 78, ''),
(20, 'plan', 'February', 3, 2050, ''),
(21, 'plan', 'February', 6, 253, ''),
(22, 'plan', 'February', 8, 591, ''),
(23, 'plan', 'February', 9, 505, ''),
(24, 'plan', 'February', 11, 50, ''),
(25, 'plan', 'February', 12, 50, ''),
(26, 'plan', 'February', 13, 220, ''),
(27, 'plan', 'February', 15, 2211, ''),
(28, 'plan', 'February', 17, 1841, ''),
(29, 'plan', 'February', 18, 2000, ''),
(30, 'plan', 'February', 19, 150, ''),
(31, 'plan', 'March', 2, 78, ''),
(32, 'plan', 'March', 5, 450, ''),
(33, 'plan', 'March', 6, 253, ''),
(34, 'plan', 'March', 8, 591, ''),
(35, 'plan', 'March', 9, 505, ''),
(36, 'plan', 'March', 11, 50, ''),
(37, 'plan', 'March', 12, 50, ''),
(38, 'plan', 'March', 13, 220, ''),
(39, 'plan', 'March', 15, 2211, ''),
(40, 'plan', 'March', 17, 1841, ''),
(41, 'plan', 'March', 18, 2000, ''),
(42, 'plan', 'March', 19, 150, ''),
(43, 'plan', 'April', 1, 7500, ''),
(44, 'plan', 'April', 2, 78, ''),
(45, 'plan', 'April', 4, 2964, ''),
(46, 'plan', 'April', 6, 253, ''),
(47, 'plan', 'April', 8, 591, ''),
(48, 'plan', 'April', 9, 505, ''),
(49, 'plan', 'April', 11, 50, ''),
(50, 'plan', 'April', 12, 50, ''),
(51, 'plan', 'April', 13, 220, ''),
(52, 'plan', 'April', 15, 2211, ''),
(53, 'plan', 'April', 17, 1841, ''),
(54, 'plan', 'April', 18, 2000, ''),
(55, 'plan', 'April', 19, 150, ''),
(56, 'plan', 'May', 2, 78, ''),
(57, 'plan', 'May', 3, 2050, ''),
(58, 'plan', 'May', 5, 450, ''),
(59, 'plan', 'May', 6, 253, ''),
(60, 'plan', 'May', 8, 591, ''),
(61, 'plan', 'May', 9, 505, ''),
(62, 'plan', 'May', 11, 50, ''),
(63, 'plan', 'May', 12, 50, ''),
(64, 'plan', 'May', 13, 220, ''),
(65, 'plan', 'May', 15, 2211, ''),
(66, 'plan', 'May', 17, 1841, ''),
(67, 'plan', 'May', 18, 2000, ''),
(68, 'plan', 'May', 19, 150, ''),
(69, 'plan', 'June', 2, 78, ''),
(70, 'plan', 'June', 6, 253, ''),
(71, 'plan', 'June', 8, 591, ''),
(72, 'plan', 'June', 9, 505, ''),
(73, 'plan', 'June', 11, 50, ''),
(74, 'plan', 'June', 12, 50, ''),
(75, 'plan', 'June', 13, 220, ''),
(76, 'plan', 'June', 14, 3500, ''),
(77, 'plan', 'June', 15, 2115, ''),
(78, 'plan', 'June', 17, 1469, ''),
(79, 'plan', 'June', 18, 2000, ''),
(80, 'plan', 'June', 19, 150, ''),
(81, 'plan', 'July', 2, 78, ''),
(82, 'plan', 'July', 5, 450, ''),
(83, 'plan', 'July', 6, 253, ''),
(84, 'plan', 'July', 8, 591, ''),
(85, 'plan', 'July', 9, 505, ''),
(86, 'plan', 'July', 11, 50, ''),
(87, 'plan', 'July', 12, 50, ''),
(88, 'plan', 'July', 13, 220, ''),
(89, 'plan', 'July', 15, 2211, ''),
(90, 'plan', 'July', 17, 1762, ''),
(91, 'plan', 'July', 18, 2000, ''),
(92, 'plan', 'July', 19, 150, ''),
(93, 'plan', 'August', 2, 78, ''),
(94, 'plan', 'August', 3, 2050, ''),
(95, 'plan', 'August', 4, 2964, ''),
(96, 'plan', 'August', 6, 253, ''),
(97, 'plan', 'August', 8, 591, ''),
(98, 'plan', 'August', 9, 505, ''),
(99, 'plan', 'August', 11, 50, ''),
(100, 'plan', 'August', 12, 50, ''),
(101, 'plan', 'August', 13, 220, ''),
(102, 'plan', 'August', 15, 2211, ''),
(103, 'plan', 'August', 17, 1841, ''),
(104, 'plan', 'August', 18, 2000, ''),
(105, 'plan', 'August', 19, 150, ''),
(106, 'plan', 'September', 2, 78, ''),
(107, 'plan', 'September', 5, 450, ''),
(108, 'plan', 'September', 6, 253, ''),
(109, 'plan', 'September', 8, 591, ''),
(110, 'plan', 'September', 9, 505, ''),
(111, 'plan', 'September', 11, 50, ''),
(112, 'plan', 'September', 12, 50, ''),
(113, 'plan', 'September', 13, 220, ''),
(114, 'plan', 'September', 15, 2211, ''),
(115, 'plan', 'September', 17, 1841, ''),
(116, 'plan', 'September', 18, 2000, ''),
(117, 'plan', 'September', 19, 150, ''),
(118, 'plan', 'October', 2, 78, ''),
(119, 'plan', 'October', 6, 253, ''),
(120, 'plan', 'October', 7, 4098, ''),
(121, 'plan', 'October', 8, 591, ''),
(122, 'plan', 'October', 9, 505, ''),
(123, 'plan', 'October', 11, 50, ''),
(124, 'plan', 'October', 12, 50, ''),
(125, 'plan', 'October', 13, 220, ''),
(126, 'plan', 'October', 15, 2211, ''),
(127, 'plan', 'October', 17, 1841, ''),
(128, 'plan', 'October', 18, 2000, ''),
(129, 'plan', 'October', 19, 150, ''),
(130, 'plan', 'November', 1, 7500, ''),
(131, 'plan', 'November', 2, 78, ''),
(132, 'plan', 'November', 3, 2050, ''),
(133, 'plan', 'November', 4, 2964, ''),
(134, 'plan', 'November', 5, 450, ''),
(135, 'plan', 'November', 6, 253, ''),
(136, 'plan', 'November', 8, 591, ''),
(137, 'plan', 'November', 9, 505, ''),
(138, 'plan', 'November', 11, 50, ''),
(139, 'plan', 'November', 12, 50, ''),
(140, 'plan', 'November', 13, 220, ''),
(141, 'plan', 'November', 15, 2211, ''),
(142, 'plan', 'November', 17, 1841, ''),
(143, 'plan', 'November', 18, 2000, ''),
(144, 'plan', 'November', 19, 150, ''),
(145, 'plan', 'December', 2, 78, ''),
(146, 'plan', 'December', 6, 253, ''),
(147, 'plan', 'December', 8, 591, ''),
(148, 'plan', 'December', 9, 505, ''),
(149, 'plan', 'December', 11, 50, ''),
(150, 'plan', 'December', 12, 50, ''),
(151, 'plan', 'December', 13, 220, ''),
(152, 'plan', 'December', 15, 2211, ''),
(153, 'plan', 'December', 17, 1841, ''),
(154, 'plan', 'December', 18, 2000, ''),
(155, 'plan', 'December', 19, 150, ''),
(156, 'actual', 'January', 8, 157, ''),
(157, 'actual', 'January', 11, 695, ''),
(158, 'actual', 'January', 12, 2, ''),
(159, 'actual', 'January', 13, 220, ''),
(160, 'actual', 'January', 18, 2142, '');

-- --------------------------------------------------------

--
-- Структура таблицы `costs_name`
--

CREATE TABLE `costs_name` (
  `id` int(6) NOT NULL,
  `status` varchar(16) NOT NULL,
  `art` varchar(255) NOT NULL,
  `art_ru` varchar(255) NOT NULL
) ENGINE=InnoDB DEFAULT CHARSET=utf8;

--
-- Дамп данных таблицы `costs_name`
--

INSERT INTO `costs_name` (`id`, `status`, `art`, `art_ru`) VALUES
(1, 'convertible', 'heating', 'отопление'),
(2, 'convertible', 'general energy', 'электроэнергия - подсветка лестн. площ.'),
(3, 'convertible', 'ground taxes', 'налог на землю'),
(4, 'convertible', 'garbage', 'вывоз мусора'),
(5, 'convertible', 'drainage', 'канализация'),
(6, 'convertible', 'fresh water', 'водопровод'),
(7, 'convertible', 'insurance', 'страхование'),
(8, 'convertible', 'facility management/housekeeper', 'завхоз - управление объектами'),
(9, 'convertible', 'house floor cleaning', 'уборка лестн. пролетов'),
(10, 'convertible', 'other costs', 'прочие затраты'),
(11, 'none convertible', 'energy for empty flats', 'э/э пустых квартир'),
(12, 'none convertible', 'bank costs', 'банковские платежи'),
(13, 'none convertible', 'accounting', 'учет'),
(14, 'none convertible', 'annual financial statement', 'годовая финансовая отчетность'),
(15, 'none convertible', 'renovation', 'ремонт'),
(16, 'none convertible', 'lawyer', 'адвокат'),
(17, 'none convertible', 'property management', 'управление недвижимостью 7% +19%'),
(18, 'none convertible', 'director', 'директор'),
(19, 'none convertible', 'other not convertible costs', 'прочие непокрываемые затраты'),
(20, 'taxes', 'taxes', 'налоги');

-- --------------------------------------------------------

--
-- Структура таблицы `description`
--

CREATE TABLE `description` (
  `id` int(6) NOT NULL,
  `address` varchar(30) NOT NULL,
  `location` varchar(6) NOT NULL,
  `room nr` varchar(10) NOT NULL,
  `space` float NOT NULL
) ENGINE=InnoDB DEFAULT CHARSET=utf8;

--
-- Дамп данных таблицы `description`
--

INSERT INTO `description` (`id`, `address`, `location`, `room nr`, `space`) VALUES
(1, 'Mozartstraße 20', 'EG', 'office 1', 119.8),
(2, 'Mozartstraße 20', 'EG', 'office 2', 29.11),
(3, 'Mozartstraße 20', '1. OG', 'flat 1', 82.41),
(4, 'Mozartstraße 20', '1. OG', 'flat 2', 36.84),
(5, 'Mozartstraße 20', '1. OG', 'flat 3', 49.25),
(6, 'Mozartstraße 20', '2. OG', 'flat 5', 90),
(7, 'Mozartstraße 20', '2. OG', 'flat 6', 50),
(8, 'Mozartstraße 20', '2. OG', 'flat 7', 30),
(9, 'Mozartstraße 20', '3. OG', 'flat 8', 121.53),
(10, 'Mozartstraße 20', '3. OG', 'flat 10', 49.75),
(11, 'Mozartstraße 20', '4. OG', 'flat 11', 23.53),
(12, 'Mozartstraße 20', '4. OG', 'flat 12', 42.02),
(13, 'Mozartstraße 20', '4. OG', 'flat 13', 30.79),
(14, 'Mozartstraße 20', '4. OG', 'flat 14', 33.88),
(15, 'Mozartstraße 20', 'DG', 'flat 15', 46.98),
(16, 'Duisburger Str. 101', 'EG', 'flat 1', 28.8),
(17, 'Duisburger Str. 101', 'EG', 'flat 2', 24),
(18, 'Duisburger Str. 101', '1. OG', 'flat 3', 28.8),
(19, 'Duisburger Str. 101', '1. OG', 'flat 4', 29.2),
(20, 'Duisburger Str. 101', '1. OG', 'flat 5', 20.3),
(21, 'Duisburger Str. 101', '1. OG', 'flat 6', 19.8),
(22, 'Duisburger Str. 101', '2. OG', 'flat 7', 28.8),
(23, 'Duisburger Str. 101', '2. OG', 'flat 8', 29.2),
(24, 'Duisburger Str. 101', '2. OG', 'flat 9', 20.3),
(25, 'Duisburger Str. 101', '2. OG', 'flat 10', 19.8),
(26, 'Duisburger Str. 101', '3. OG', 'flat 11', 28.8),
(27, 'Duisburger Str. 101', '3. OG', 'flat 12', 29.2),
(28, 'Duisburger Str. 101', '3. OG', 'flat 13', 20.3),
(29, 'Duisburger Str. 101', '3. OG', 'flat 14', 19.8),
(30, 'Duisburger Str. 101', '4. OG', 'flat 15', 39.6),
(31, 'Duisburger Str. 101', '4. OG', 'flat 16', 19.73),
(32, 'Duisburger Str. 101', '4. OG', 'flat 17', 20.1),
(33, 'Duisburger Str. 101', '5. OG', 'flat 18', 28.8),
(34, 'Duisburger Str. 101', '5. OG', 'flat 19', 18.1),
(35, 'Duisburger Str. 101', '5. OG', 'flat 20', 28.8),
(36, 'Duisburger Str. 103', 'EG', 'flat 1', 32.8),
(37, 'Duisburger Str. 103', 'EG', 'flat 2', 42),
(38, 'Duisburger Str. 103', '1. OG', 'flat 3', 38.6),
(39, 'Duisburger Str. 103', '1. OG', 'flat 4', 42),
(40, 'Duisburger Str. 103', '2. OG', 'flat 5', 38.6),
(41, 'Duisburger Str. 103', '2. OG', 'flat 6', 42),
(42, 'Duisburger Str. 103', '3. OG', 'flat 7', 38.6),
(43, 'Duisburger Str. 103', '3. OG', 'flat 8', 42),
(44, 'Duisburger Str. 103', '4. OG', 'flat 9', 26),
(45, 'Duisburger Str. 103', '4. OG', 'flat 10', 42.1),
(46, 'Duisburger Str. 103', 'DG', 'flat 11', 66),
(47, 'Garden/Garage', 'Garage', '1', 0),
(48, 'Garden/Garage', 'Garage', '2', 0),
(49, 'Garden/Garage', 'Garage', '3', 0),
(50, 'Garden/Garage', 'Garage', '4', 0),
(51, 'Garden/Garage', 'Garage', '5', 0),
(52, 'Garden/Garage', 'Garten', '1', 0),
(53, 'Garden/Garage', 'Garage', '6', 0),
(54, 'Garden/Garage', 'Garage', '7', 0);

-- --------------------------------------------------------

--
-- Структура таблицы `rent`
--

CREATE TABLE `rent` (
  `id` int(6) NOT NULL,
  `model` varchar(6) NOT NULL,
  `month` varchar(14) NOT NULL,
  `year` int(4) NOT NULL,
  `id_description` int(6) NOT NULL,
  `rent_plan` float NOT NULL,
  `costs_plan` float NOT NULL,
  `heating_plan` float NOT NULL,
  `cable_TV` float NOT NULL,
  `comments` text NOT NULL
) ENGINE=InnoDB DEFAULT CHARSET=utf8;

--
-- Дамп данных таблицы `rent`
--

INSERT INTO `rent` (`id`, `model`, `month`, `year`, `id_description`, `rent_plan`, `costs_plan`, `heating_plan`, `cable_TV`, `comments`) VALUES
(1, 'plan', 'January', 2017, 1, 1200, 140, 100, 0, ''),
(2, 'plan', 'January', 2017, 2, 200, 55, 45, 0, ''),
(3, 'plan', 'January', 2017, 3, 795, 75, 55, 17, ''),
(4, 'plan', 'January', 2017, 4, 485, 55, 30, 17, ''),
(5, 'plan', 'January', 2017, 5, 404.95, 61.58, 22.37, 9.15, ''),
(6, 'plan', 'January', 2017, 6, 900, 160, 150, 0, ''),
(7, 'plan', 'January', 2017, 7, 650, 55, 30, 17, ''),
(8, 'plan', 'January', 2017, 8, 480, 55, 30, 17, ''),
(9, 'plan', 'January', 2017, 9, 1450, 128, 90, 17, ''),
(10, 'plan', 'January', 2017, 10, 525, 65, 40, 17, ''),
(11, 'plan', 'January', 2017, 11, 355, 50, 20, 17, ''),
(12, 'plan', 'January', 2017, 12, 485, 65, 40, 17, ''),
(13, 'plan', 'January', 2017, 13, 490, 45, 35, 0, ''),
(14, 'plan', 'January', 2017, 14, 495, 55, 35, 17, ''),
(15, 'plan', 'January', 2017, 15, 485, 60, 25, 17, ''),
(16, 'plan', 'January', 2017, 16, 310, 75, 40, 15, ''),
(17, 'plan', 'January', 2017, 17, 150, 50, 20, 15, ''),
(18, 'plan', 'January', 2017, 18, 457, 58, 30, 0, ''),
(19, 'plan', 'January', 2017, 19, 360, 75, 70, 15, ''),
(20, 'plan', 'January', 2017, 20, 350, 50, 20, 17, ''),
(21, 'plan', 'January', 2017, 21, 255, 50, 20, 15, ''),
(22, 'plan', 'January', 2017, 22, 342, 57, 30, 0, ''),
(23, 'plan', 'January', 2017, 23, 470, 45, 35, 0, ''),
(24, 'plan', 'January', 2017, 24, 285, 50, 20, 15, ''),
(25, 'plan', 'January', 2017, 25, 265, 45, 20, 15, ''),
(26, 'plan', 'January', 2017, 26, 360, 45, 35, 0, ''),
(27, 'plan', 'January', 2017, 27, 380, 80, 25, 17, ''),
(28, 'plan', 'January', 2017, 28, 265, 52.12, 15.34, 12.78, ''),
(29, 'plan', 'January', 2017, 29, 315, 50, 25, 17, ''),
(30, 'plan', 'January', 2017, 30, 490, 50, 50, 17, ''),
(31, 'plan', 'January', 2017, 31, 342, 57, 30, 0, ''),
(32, 'plan', 'January', 2017, 32, 342, 40, 30, 17, ''),
(33, 'plan', 'January', 2017, 33, 495, 45, 35, 0, ''),
(34, 'plan', 'January', 2017, 34, 235, 40, 40, 15, ''),
(35, 'plan', 'January', 2017, 35, 340, 40, 40, 15, ''),
(36, 'plan', 'January', 2017, 36, 310, 55, 20, 15, ''),
(37, 'plan', 'January', 2017, 37, 420, 90, 60, 0, ''),
(38, 'plan', 'January', 2017, 38, 540, 60, 25, 17, ''),
(39, 'plan', 'January', 2017, 39, 540, 60, 25, 17, ''),
(40, 'plan', 'January', 2017, 40, 450, 60, 25, 17, ''),
(41, 'plan', 'January', 2017, 41, 540, 60, 25, 17, ''),
(42, 'plan', 'January', 2017, 42, 435, 75, 50, 0, ''),
(43, 'plan', 'January', 2017, 43, 543, 77, 30, 0, ''),
(44, 'plan', 'January', 2017, 44, 332, 55, 20, 15, ''),
(45, 'plan', 'January', 2017, 45, 485, 65, 35, 17, ''),
(46, 'plan', 'January', 2017, 46, 555, 75, 35, 15, ''),
(47, 'plan', 'January', 2017, 47, 120, 0, 0, 0, ''),
(48, 'plan', 'January', 2017, 48, 100, 0, 0, 0, ''),
(49, 'plan', 'January', 2017, 49, 30, 0, 0, 0, ''),
(50, 'plan', 'January', 2017, 50, 20, 0, 0, 0, ''),
(51, 'plan', 'January', 2017, 51, 125, 0, 0, 0, ''),
(52, 'plan', 'January', 2017, 52, 150, 0, 0, 0, ''),
(53, 'plan', 'January', 2017, 53, 130, 0, 0, 0, ''),
(54, 'plan', 'January', 2017, 54, 115, 0, 0, 0, '');

-- --------------------------------------------------------

--
-- Структура таблицы `rental`
--

CREATE TABLE `rental` (
  `id` int(6) NOT NULL,
  `model` varchar(6) NOT NULL,
  `month` varchar(14) NOT NULL,
  `id_description` int(6) NOT NULL,
  `purpose` varchar(24) NOT NULL,
  `cost` float NOT NULL,
  `comments` text NOT NULL
) ENGINE=InnoDB DEFAULT CHARSET=utf8;

--
-- Дамп данных таблицы `rental`
--

INSERT INTO `rental` (`id`, `model`, `month`, `id_description`, `purpose`, `cost`, `comments`) VALUES
(2, 'plan', 'January', 1, 'Rent_plan', 1200, ''),
(3, 'plan', 'January', 1, 'Costs_plan', 140, ''),
(4, 'plan', 'January', 1, 'Heating_plan', 100, ''),
(5, 'plan', 'January', 2, 'Rent_plan', 200, ''),
(6, 'plan', 'January', 2, 'Costs_plan', 55, ''),
(7, 'plan', 'January', 2, 'Heating_plan', 45, ''),
(8, 'plan', 'January', 3, 'Rent_plan', 795, ''),
(9, 'plan', 'January', 3, 'Costs_plan', 75, ''),
(10, 'plan', 'January', 3, 'Heating_plan', 55, ''),
(11, 'plan', 'January', 3, 'Cable_TV', 17, ''),
(12, 'plan', 'January', 4, 'Rent_plan', 485, ''),
(13, 'plan', 'January', 4, 'Costs_plan', 55, ''),
(14, 'plan', 'January', 4, 'Heating_plan', 30, ''),
(15, 'plan', 'January', 4, 'Cable_TV', 17, ''),
(16, 'plan', 'January', 5, 'Rent_plan', 404, ''),
(17, 'plan', 'January', 5, 'Costs_plan', 61, ''),
(18, 'plan', 'January', 5, 'Heating_plan', 22, ''),
(19, 'plan', 'January', 5, 'Cable_TV', 9, ''),
(20, 'plan', 'January', 6, 'Rent_plan', 900, ''),
(21, 'plan', 'January', 6, 'Costs_plan', 160, ''),
(22, 'plan', 'January', 6, 'Heating_plan', 150, ''),
(23, 'plan', 'January', 7, 'Rent_plan', 650, ''),
(24, 'plan', 'January', 7, 'Costs_plan', 55, ''),
(25, 'plan', 'January', 7, 'Heating_plan', 30, ''),
(26, 'plan', 'January', 7, 'Cable_TV', 17, ''),
(27, 'plan', 'January', 8, 'Rent_plan', 480, ''),
(28, 'plan', 'January', 8, 'Costs_plan', 55, ''),
(29, 'plan', 'January', 8, 'Heating_plan', 30, ''),
(30, 'plan', 'January', 8, 'Cable_TV', 17, ''),
(31, 'plan', 'January', 9, 'Rent_plan', 1450, ''),
(32, 'plan', 'January', 9, 'Costs_plan', 128, ''),
(33, 'plan', 'January', 9, 'Heating_plan', 90, ''),
(34, 'plan', 'January', 9, 'Cable_TV', 17, ''),
(35, 'plan', 'January', 10, 'Rent_plan', 525, ''),
(36, 'plan', 'January', 10, 'Costs_plan', 65, ''),
(37, 'plan', 'January', 10, 'Heating_plan', 40, ''),
(38, 'plan', 'January', 10, 'Cable_TV', 17, ''),
(39, 'plan', 'January', 11, 'Rent_plan', 355, ''),
(40, 'plan', 'January', 11, 'Costs_plan', 50, ''),
(41, 'plan', 'January', 11, 'Heating_plan', 20, ''),
(42, 'plan', 'January', 11, 'Cable_TV', 17, ''),
(43, 'plan', 'January', 12, 'Rent_plan', 485, ''),
(44, 'plan', 'January', 12, 'Costs_plan', 65, ''),
(45, 'plan', 'January', 12, 'Heating_plan', 40, ''),
(46, 'plan', 'January', 12, 'Cable_TV', 17, ''),
(47, 'plan', 'January', 13, 'Rent_plan', 490, ''),
(48, 'plan', 'January', 13, 'Costs_plan', 45, ''),
(49, 'plan', 'January', 13, 'Heating_plan', 35, ''),
(50, 'plan', 'January', 14, 'Rent_plan', 495, ''),
(51, 'plan', 'January', 14, 'Costs_plan', 55, ''),
(52, 'plan', 'January', 14, 'Heating_plan', 35, ''),
(53, 'plan', 'January', 14, 'Cable_TV', 17, ''),
(54, 'plan', 'January', 15, 'Rent_plan', 485, ''),
(55, 'plan', 'January', 15, 'Costs_plan', 60, ''),
(56, 'plan', 'January', 15, 'Heating_plan', 25, ''),
(57, 'plan', 'January', 15, 'Cable_TV', 17, ''),
(58, 'plan', 'January', 16, 'Rent_plan', 310, ''),
(59, 'plan', 'January', 16, 'Costs_plan', 75, ''),
(60, 'plan', 'January', 16, 'Heating_plan', 40, ''),
(61, 'plan', 'January', 16, 'Cable_TV', 15, ''),
(62, 'plan', 'January', 17, 'Rent_plan', 150, ''),
(63, 'plan', 'January', 17, 'Costs_plan', 50, ''),
(64, 'plan', 'January', 17, 'Heating_plan', 20, ''),
(65, 'plan', 'January', 17, 'Cable_TV', 15, ''),
(66, 'plan', 'January', 18, 'Rent_plan', 457, ''),
(67, 'plan', 'January', 18, 'Costs_plan', 58, ''),
(68, 'plan', 'January', 18, 'Heating_plan', 30, ''),
(69, 'plan', 'January', 19, 'Rent_plan', 360, ''),
(70, 'plan', 'January', 19, 'Costs_plan', 75, ''),
(71, 'plan', 'January', 19, 'Heating_plan', 70, ''),
(72, 'plan', 'January', 19, 'Cable_TV', 15, ''),
(73, 'plan', 'January', 20, 'Rent_plan', 350, ''),
(74, 'plan', 'January', 20, 'Costs_plan', 50, ''),
(75, 'plan', 'January', 20, 'Heating_plan', 20, ''),
(76, 'plan', 'January', 20, 'Cable_TV', 17, ''),
(77, 'plan', 'January', 21, 'Rent_plan', 255, ''),
(78, 'plan', 'January', 21, 'Costs_plan', 50, ''),
(79, 'plan', 'January', 21, 'Heating_plan', 20, ''),
(80, 'plan', 'January', 21, 'Cable_TV', 15, ''),
(81, 'plan', 'January', 22, 'Rent_plan', 342, ''),
(82, 'plan', 'January', 22, 'Costs_plan', 57, ''),
(83, 'plan', 'January', 22, 'Heating_plan', 30, ''),
(84, 'plan', 'January', 23, 'Rent_plan', 470, ''),
(85, 'plan', 'January', 23, 'Costs_plan', 45, ''),
(86, 'plan', 'January', 23, 'Heating_plan', 35, ''),
(87, 'plan', 'January', 24, 'Rent_plan', 285, ''),
(88, 'plan', 'January', 24, 'Costs_plan', 50, ''),
(89, 'plan', 'January', 24, 'Heating_plan', 20, ''),
(90, 'plan', 'January', 24, 'Cable_TV', 15, ''),
(91, 'plan', 'January', 25, 'Rent_plan', 265, ''),
(92, 'plan', 'January', 25, 'Costs_plan', 45, ''),
(93, 'plan', 'January', 25, 'Heating_plan', 20, ''),
(94, 'plan', 'January', 25, 'Cable_TV', 15, ''),
(95, 'plan', 'January', 26, 'Rent_plan', 360, ''),
(96, 'plan', 'January', 26, 'Costs_plan', 45, ''),
(97, 'plan', 'January', 26, 'Heating_plan', 35, ''),
(98, 'plan', 'January', 27, 'Rent_plan', 380, ''),
(99, 'plan', 'January', 27, 'Costs_plan', 80, ''),
(100, 'plan', 'January', 27, 'Heating_plan', 25, ''),
(101, 'plan', 'January', 27, 'Cable_TV', 17, ''),
(102, 'plan', 'January', 28, 'Rent_plan', 265, ''),
(103, 'plan', 'January', 28, 'Costs_plan', 52, ''),
(104, 'plan', 'January', 28, 'Heating_plan', 15, ''),
(105, 'plan', 'January', 28, 'Cable_TV', 12, ''),
(106, 'plan', 'January', 29, 'Rent_plan', 315, ''),
(107, 'plan', 'January', 29, 'Costs_plan', 50, ''),
(108, 'plan', 'January', 29, 'Heating_plan', 25, ''),
(109, 'plan', 'January', 29, 'Cable_TV', 17, ''),
(110, 'plan', 'January', 30, 'Rent_plan', 490, ''),
(111, 'plan', 'January', 30, 'Costs_plan', 50, ''),
(112, 'plan', 'January', 30, 'Heating_plan', 50, ''),
(113, 'plan', 'January', 30, 'Cable_TV', 17, ''),
(114, 'plan', 'January', 31, 'Rent_plan', 342, ''),
(115, 'plan', 'January', 31, 'Costs_plan', 57, ''),
(116, 'plan', 'January', 31, 'Heating_plan', 30, ''),
(117, 'plan', 'January', 32, 'Rent_plan', 342, ''),
(118, 'plan', 'January', 32, 'Costs_plan', 40, ''),
(119, 'plan', 'January', 32, 'Heating_plan', 30, ''),
(120, 'plan', 'January', 32, 'Cable_TV', 17, ''),
(121, 'plan', 'January', 33, 'Rent_plan', 495, ''),
(122, 'plan', 'January', 33, 'Costs_plan', 45, ''),
(123, 'plan', 'January', 33, 'Heating_plan', 35, ''),
(124, 'plan', 'January', 34, 'Rent_plan', 235, ''),
(125, 'plan', 'January', 34, 'Costs_plan', 40, ''),
(126, 'plan', 'January', 34, 'Heating_plan', 40, ''),
(127, 'plan', 'January', 34, 'Cable_TV', 15, ''),
(128, 'plan', 'January', 35, 'Rent_plan', 340, ''),
(129, 'plan', 'January', 35, 'Costs_plan', 40, ''),
(130, 'plan', 'January', 35, 'Heating_plan', 40, ''),
(131, 'plan', 'January', 35, 'Cable_TV', 15, ''),
(132, 'plan', 'January', 36, 'Rent_plan', 310, ''),
(133, 'plan', 'January', 36, 'Costs_plan', 55, ''),
(134, 'plan', 'January', 36, 'Heating_plan', 20, ''),
(135, 'plan', 'January', 36, 'Cable_TV', 15, ''),
(136, 'plan', 'January', 37, 'Rent_plan', 420, ''),
(137, 'plan', 'January', 37, 'Costs_plan', 90, ''),
(138, 'plan', 'January', 37, 'Heating_plan', 60, ''),
(139, 'plan', 'January', 38, 'Rent_plan', 540, ''),
(140, 'plan', 'January', 38, 'Costs_plan', 60, ''),
(141, 'plan', 'January', 38, 'Heating_plan', 25, ''),
(142, 'plan', 'January', 38, 'Cable_TV', 17, ''),
(143, 'plan', 'January', 39, 'Rent_plan', 540, ''),
(144, 'plan', 'January', 39, 'Costs_plan', 60, ''),
(145, 'plan', 'January', 39, 'Heating_plan', 25, ''),
(146, 'plan', 'January', 39, 'Cable_TV', 17, ''),
(147, 'plan', 'January', 40, 'Rent_plan', 450, ''),
(148, 'plan', 'January', 40, 'Costs_plan', 60, ''),
(149, 'plan', 'January', 40, 'Heating_plan', 25, ''),
(150, 'plan', 'January', 40, 'Cable_TV', 17, ''),
(151, 'plan', 'January', 41, 'Rent_plan', 540, ''),
(152, 'plan', 'January', 41, 'Costs_plan', 60, ''),
(153, 'plan', 'January', 41, 'Heating_plan', 25, ''),
(154, 'plan', 'January', 41, 'Cable_TV', 17, ''),
(155, 'plan', 'January', 42, 'Rent_plan', 435, ''),
(156, 'plan', 'January', 42, 'Costs_plan', 75, ''),
(157, 'plan', 'January', 42, 'Heating_plan', 50, ''),
(158, 'plan', 'January', 43, 'Rent_plan', 543, ''),
(159, 'plan', 'January', 43, 'Costs_plan', 77, ''),
(160, 'plan', 'January', 43, 'Heating_plan', 30, ''),
(161, 'plan', 'January', 44, 'Rent_plan', 332, ''),
(162, 'plan', 'January', 44, 'Costs_plan', 55, ''),
(163, 'plan', 'January', 44, 'Heating_plan', 20, ''),
(164, 'plan', 'January', 44, 'Cable_TV', 15, ''),
(165, 'plan', 'January', 45, 'Rent_plan', 485, ''),
(166, 'plan', 'January', 45, 'Costs_plan', 65, ''),
(167, 'plan', 'January', 45, 'Heating_plan', 35, ''),
(168, 'plan', 'January', 45, 'Cable_TV', 17, ''),
(169, 'plan', 'January', 46, 'Rent_plan', 555, ''),
(170, 'plan', 'January', 46, 'Costs_plan', 75, ''),
(171, 'plan', 'January', 46, 'Heating_plan', 35, ''),
(172, 'plan', 'January', 46, 'Cable_TV', 15, ''),
(173, 'plan', 'January', 47, 'Rent_plan', 120, ''),
(174, 'plan', 'January', 48, 'Rent_plan', 100, ''),
(175, 'plan', 'January', 49, 'Rent_plan', 30, ''),
(176, 'plan', 'January', 50, 'Rent_plan', 20, ''),
(177, 'plan', 'January', 51, 'Rent_plan', 125, ''),
(178, 'plan', 'January', 52, 'Rent_plan', 150, ''),
(179, 'plan', 'January', 53, 'Rent_plan', 130, ''),
(180, 'plan', 'January', 54, 'Rent_plan', 115, ''),
(181, 'plan', 'February', 1, 'Rent_plan', 1200, ''),
(182, 'plan', 'February', 1, 'Costs_plan', 140, ''),
(183, 'plan', 'February', 1, 'Heating_plan', 100, ''),
(184, 'plan', 'February', 2, 'Rent_plan', 200, ''),
(185, 'plan', 'February', 2, 'Costs_plan', 55, ''),
(186, 'plan', 'February', 2, 'Heating_plan', 45, ''),
(187, 'plan', 'February', 3, 'Rent_plan', 795, ''),
(188, 'plan', 'February', 3, 'Costs_plan', 75, ''),
(189, 'plan', 'February', 3, 'Heating_plan', 55, ''),
(190, 'plan', 'February', 3, 'Cable_TV', 17, ''),
(191, 'plan', 'February', 4, 'Rent_plan', 485, ''),
(192, 'plan', 'February', 4, 'Costs_plan', 55, ''),
(193, 'plan', 'February', 4, 'Heating_plan', 30, ''),
(194, 'plan', 'February', 4, 'Cable_TV', 17, ''),
(195, 'plan', 'February', 5, 'Rent_plan', 404, ''),
(196, 'plan', 'February', 5, 'Costs_plan', 61, ''),
(197, 'plan', 'February', 5, 'Heating_plan', 22, ''),
(198, 'plan', 'February', 5, 'Cable_TV', 9, ''),
(199, 'plan', 'February', 6, 'Rent_plan', 900, ''),
(200, 'plan', 'February', 6, 'Costs_plan', 160, ''),
(201, 'plan', 'February', 6, 'Heating_plan', 150, ''),
(202, 'plan', 'February', 7, 'Rent_plan', 650, ''),
(203, 'plan', 'February', 7, 'Costs_plan', 55, ''),
(204, 'plan', 'February', 7, 'Heating_plan', 30, ''),
(205, 'plan', 'February', 7, 'Cable_TV', 17, ''),
(206, 'plan', 'February', 8, 'Rent_plan', 480, ''),
(207, 'plan', 'February', 8, 'Costs_plan', 55, ''),
(208, 'plan', 'February', 8, 'Heating_plan', 30, ''),
(209, 'plan', 'February', 8, 'Cable_TV', 17, ''),
(210, 'plan', 'February', 9, 'Rent_plan', 1450, ''),
(211, 'plan', 'February', 9, 'Costs_plan', 128, ''),
(212, 'plan', 'February', 9, 'Heating_plan', 90, ''),
(213, 'plan', 'February', 9, 'Cable_TV', 17, ''),
(214, 'plan', 'February', 10, 'Rent_plan', 525, ''),
(215, 'plan', 'February', 10, 'Costs_plan', 65, ''),
(216, 'plan', 'February', 10, 'Heating_plan', 40, ''),
(217, 'plan', 'February', 10, 'Cable_TV', 17, ''),
(218, 'plan', 'February', 11, 'Rent_plan', 355, ''),
(219, 'plan', 'February', 11, 'Costs_plan', 50, ''),
(220, 'plan', 'February', 11, 'Heating_plan', 20, ''),
(221, 'plan', 'February', 11, 'Cable_TV', 17, ''),
(222, 'plan', 'February', 12, 'Rent_plan', 485, ''),
(223, 'plan', 'February', 12, 'Costs_plan', 65, ''),
(224, 'plan', 'February', 12, 'Heating_plan', 40, ''),
(225, 'plan', 'February', 12, 'Cable_TV', 17, ''),
(226, 'plan', 'February', 13, 'Rent_plan', 490, ''),
(227, 'plan', 'February', 13, 'Costs_plan', 45, ''),
(228, 'plan', 'February', 13, 'Heating_plan', 35, ''),
(229, 'plan', 'February', 14, 'Rent_plan', 495, ''),
(230, 'plan', 'February', 14, 'Costs_plan', 55, ''),
(231, 'plan', 'February', 14, 'Heating_plan', 35, ''),
(232, 'plan', 'February', 14, 'Cable_TV', 17, ''),
(233, 'plan', 'February', 15, 'Rent_plan', 485, ''),
(234, 'plan', 'February', 15, 'Costs_plan', 60, ''),
(235, 'plan', 'February', 15, 'Heating_plan', 25, ''),
(236, 'plan', 'February', 15, 'Cable_TV', 17, ''),
(237, 'plan', 'February', 16, 'Rent_plan', 310, ''),
(238, 'plan', 'February', 16, 'Costs_plan', 75, ''),
(239, 'plan', 'February', 16, 'Heating_plan', 40, ''),
(240, 'plan', 'February', 16, 'Cable_TV', 15, ''),
(241, 'plan', 'February', 17, 'Rent_plan', 150, ''),
(242, 'plan', 'February', 17, 'Costs_plan', 50, ''),
(243, 'plan', 'February', 17, 'Heating_plan', 20, ''),
(244, 'plan', 'February', 17, 'Cable_TV', 15, ''),
(245, 'plan', 'February', 18, 'Rent_plan', 457, ''),
(246, 'plan', 'February', 18, 'Costs_plan', 58, ''),
(247, 'plan', 'February', 18, 'Heating_plan', 30, ''),
(248, 'plan', 'February', 19, 'Rent_plan', 360, ''),
(249, 'plan', 'February', 19, 'Costs_plan', 75, ''),
(250, 'plan', 'February', 19, 'Heating_plan', 70, ''),
(251, 'plan', 'February', 19, 'Cable_TV', 15, ''),
(252, 'plan', 'February', 20, 'Rent_plan', 350, ''),
(253, 'plan', 'February', 20, 'Costs_plan', 50, ''),
(254, 'plan', 'February', 20, 'Heating_plan', 20, ''),
(255, 'plan', 'February', 20, 'Cable_TV', 17, ''),
(256, 'plan', 'February', 21, 'Rent_plan', 255, ''),
(257, 'plan', 'February', 21, 'Costs_plan', 50, ''),
(258, 'plan', 'February', 21, 'Heating_plan', 20, ''),
(259, 'plan', 'February', 21, 'Cable_TV', 15, ''),
(260, 'plan', 'February', 22, 'Rent_plan', 342, ''),
(261, 'plan', 'February', 22, 'Costs_plan', 57, ''),
(262, 'plan', 'February', 22, 'Heating_plan', 30, ''),
(263, 'plan', 'February', 23, 'Rent_plan', 470, ''),
(264, 'plan', 'February', 23, 'Costs_plan', 45, ''),
(265, 'plan', 'February', 23, 'Heating_plan', 35, ''),
(266, 'plan', 'February', 24, 'Rent_plan', 285, ''),
(267, 'plan', 'February', 24, 'Costs_plan', 50, ''),
(268, 'plan', 'February', 24, 'Heating_plan', 20, ''),
(269, 'plan', 'February', 24, 'Cable_TV', 15, ''),
(270, 'plan', 'February', 25, 'Rent_plan', 265, ''),
(271, 'plan', 'February', 25, 'Costs_plan', 45, ''),
(272, 'plan', 'February', 25, 'Heating_plan', 20, ''),
(273, 'plan', 'February', 25, 'Cable_TV', 15, ''),
(274, 'plan', 'February', 26, 'Rent_plan', 360, ''),
(275, 'plan', 'February', 26, 'Costs_plan', 45, ''),
(276, 'plan', 'February', 26, 'Heating_plan', 35, ''),
(277, 'plan', 'February', 27, 'Rent_plan', 380, ''),
(278, 'plan', 'February', 27, 'Costs_plan', 80, ''),
(279, 'plan', 'February', 27, 'Heating_plan', 25, ''),
(280, 'plan', 'February', 27, 'Cable_TV', 17, ''),
(281, 'plan', 'February', 28, 'Rent_plan', 265, ''),
(282, 'plan', 'February', 28, 'Costs_plan', 52, ''),
(283, 'plan', 'February', 28, 'Heating_plan', 15, ''),
(284, 'plan', 'February', 28, 'Cable_TV', 12, ''),
(285, 'plan', 'February', 29, 'Rent_plan', 315, ''),
(286, 'plan', 'February', 29, 'Costs_plan', 50, ''),
(287, 'plan', 'February', 29, 'Heating_plan', 25, ''),
(288, 'plan', 'February', 29, 'Cable_TV', 17, ''),
(289, 'plan', 'February', 30, 'Rent_plan', 490, ''),
(290, 'plan', 'February', 30, 'Costs_plan', 50, ''),
(291, 'plan', 'February', 30, 'Heating_plan', 50, ''),
(292, 'plan', 'February', 30, 'Cable_TV', 17, ''),
(293, 'plan', 'February', 31, 'Rent_plan', 342, ''),
(294, 'plan', 'February', 31, 'Costs_plan', 57, ''),
(295, 'plan', 'February', 31, 'Heating_plan', 30, ''),
(296, 'plan', 'February', 32, 'Rent_plan', 342, ''),
(297, 'plan', 'February', 32, 'Costs_plan', 40, ''),
(298, 'plan', 'February', 32, 'Heating_plan', 30, ''),
(299, 'plan', 'February', 32, 'Cable_TV', 17, ''),
(300, 'plan', 'February', 33, 'Rent_plan', 495, ''),
(301, 'plan', 'February', 33, 'Costs_plan', 45, ''),
(302, 'plan', 'February', 33, 'Heating_plan', 35, ''),
(303, 'plan', 'February', 34, 'Rent_plan', 235, ''),
(304, 'plan', 'February', 34, 'Costs_plan', 40, ''),
(305, 'plan', 'February', 34, 'Heating_plan', 40, ''),
(306, 'plan', 'February', 34, 'Cable_TV', 15, ''),
(307, 'plan', 'February', 35, 'Rent_plan', 340, ''),
(308, 'plan', 'February', 35, 'Costs_plan', 40, ''),
(309, 'plan', 'February', 35, 'Heating_plan', 40, ''),
(310, 'plan', 'February', 35, 'Cable_TV', 15, ''),
(311, 'plan', 'February', 36, 'Rent_plan', 310, ''),
(312, 'plan', 'February', 36, 'Costs_plan', 55, ''),
(313, 'plan', 'February', 36, 'Heating_plan', 20, ''),
(314, 'plan', 'February', 36, 'Cable_TV', 15, ''),
(315, 'plan', 'February', 37, 'Rent_plan', 420, ''),
(316, 'plan', 'February', 37, 'Costs_plan', 90, ''),
(317, 'plan', 'February', 37, 'Heating_plan', 60, ''),
(318, 'plan', 'February', 38, 'Rent_plan', 540, ''),
(319, 'plan', 'February', 38, 'Costs_plan', 60, ''),
(320, 'plan', 'February', 38, 'Heating_plan', 25, ''),
(321, 'plan', 'February', 38, 'Cable_TV', 17, ''),
(322, 'plan', 'February', 39, 'Rent_plan', 540, ''),
(323, 'plan', 'February', 39, 'Costs_plan', 60, ''),
(324, 'plan', 'February', 39, 'Heating_plan', 25, ''),
(325, 'plan', 'February', 39, 'Cable_TV', 17, ''),
(326, 'plan', 'February', 40, 'Rent_plan', 450, ''),
(327, 'plan', 'February', 40, 'Costs_plan', 60, ''),
(328, 'plan', 'February', 40, 'Heating_plan', 25, ''),
(329, 'plan', 'February', 40, 'Cable_TV', 17, ''),
(330, 'plan', 'February', 41, 'Rent_plan', 540, ''),
(331, 'plan', 'February', 41, 'Costs_plan', 60, ''),
(332, 'plan', 'February', 41, 'Heating_plan', 25, ''),
(333, 'plan', 'February', 41, 'Cable_TV', 17, ''),
(334, 'plan', 'February', 42, 'Rent_plan', 435, ''),
(335, 'plan', 'February', 42, 'Costs_plan', 75, ''),
(336, 'plan', 'February', 42, 'Heating_plan', 50, ''),
(337, 'plan', 'February', 43, 'Rent_plan', 543, ''),
(338, 'plan', 'February', 43, 'Costs_plan', 77, ''),
(339, 'plan', 'February', 43, 'Heating_plan', 30, ''),
(340, 'plan', 'February', 44, 'Rent_plan', 332, ''),
(341, 'plan', 'February', 44, 'Costs_plan', 55, ''),
(342, 'plan', 'February', 44, 'Heating_plan', 20, ''),
(343, 'plan', 'February', 44, 'Cable_TV', 15, ''),
(344, 'plan', 'February', 45, 'Rent_plan', 485, ''),
(345, 'plan', 'February', 45, 'Costs_plan', 65, ''),
(346, 'plan', 'February', 45, 'Heating_plan', 35, ''),
(347, 'plan', 'February', 45, 'Cable_TV', 17, ''),
(348, 'plan', 'February', 46, 'Rent_plan', 555, ''),
(349, 'plan', 'February', 46, 'Costs_plan', 75, ''),
(350, 'plan', 'February', 46, 'Heating_plan', 35, ''),
(351, 'plan', 'February', 46, 'Cable_TV', 15, ''),
(352, 'plan', 'February', 47, 'Rent_plan', 120, ''),
(353, 'plan', 'February', 48, 'Rent_plan', 100, ''),
(354, 'plan', 'February', 49, 'Rent_plan', 30, ''),
(355, 'plan', 'February', 50, 'Rent_plan', 20, ''),
(356, 'plan', 'February', 51, 'Rent_plan', 125, ''),
(357, 'plan', 'February', 52, 'Rent_plan', 150, ''),
(358, 'plan', 'February', 53, 'Rent_plan', 130, ''),
(359, 'plan', 'February', 54, 'Rent_plan', 115, ''),
(360, 'plan', 'March', 1, 'Rent_plan', 1200, ''),
(361, 'plan', 'March', 1, 'Costs_plan', 140, ''),
(362, 'plan', 'March', 1, 'Heating_plan', 100, ''),
(363, 'plan', 'March', 2, 'Rent_plan', 200, ''),
(364, 'plan', 'March', 2, 'Costs_plan', 55, ''),
(365, 'plan', 'March', 2, 'Heating_plan', 45, ''),
(366, 'plan', 'March', 3, 'Rent_plan', 795, ''),
(367, 'plan', 'March', 3, 'Costs_plan', 75, ''),
(368, 'plan', 'March', 3, 'Heating_plan', 55, ''),
(369, 'plan', 'March', 3, 'Cable_TV', 17, ''),
(370, 'plan', 'March', 4, 'Rent_plan', 485, ''),
(371, 'plan', 'March', 4, 'Costs_plan', 55, ''),
(372, 'plan', 'March', 4, 'Heating_plan', 30, ''),
(373, 'plan', 'March', 4, 'Cable_TV', 17, ''),
(374, 'plan', 'March', 5, 'Rent_plan', 404, ''),
(375, 'plan', 'March', 5, 'Costs_plan', 61, ''),
(376, 'plan', 'March', 5, 'Heating_plan', 22, ''),
(377, 'plan', 'March', 5, 'Cable_TV', 9, ''),
(378, 'plan', 'March', 6, 'Rent_plan', 900, ''),
(379, 'plan', 'March', 6, 'Costs_plan', 160, ''),
(380, 'plan', 'March', 6, 'Heating_plan', 150, ''),
(381, 'plan', 'March', 7, 'Rent_plan', 650, ''),
(382, 'plan', 'March', 7, 'Costs_plan', 55, ''),
(383, 'plan', 'March', 7, 'Heating_plan', 30, ''),
(384, 'plan', 'March', 7, 'Cable_TV', 17, ''),
(385, 'plan', 'March', 8, 'Rent_plan', 480, ''),
(386, 'plan', 'March', 8, 'Costs_plan', 55, ''),
(387, 'plan', 'March', 8, 'Heating_plan', 30, ''),
(388, 'plan', 'March', 8, 'Cable_TV', 17, ''),
(389, 'plan', 'March', 9, 'Rent_plan', 1450, ''),
(390, 'plan', 'March', 9, 'Costs_plan', 128, ''),
(391, 'plan', 'March', 9, 'Heating_plan', 90, ''),
(392, 'plan', 'March', 9, 'Cable_TV', 17, ''),
(393, 'plan', 'March', 10, 'Rent_plan', 525, ''),
(394, 'plan', 'March', 10, 'Costs_plan', 65, ''),
(395, 'plan', 'March', 10, 'Heating_plan', 40, ''),
(396, 'plan', 'March', 10, 'Cable_TV', 17, ''),
(397, 'plan', 'March', 11, 'Rent_plan', 355, ''),
(398, 'plan', 'March', 11, 'Costs_plan', 50, ''),
(399, 'plan', 'March', 11, 'Heating_plan', 20, ''),
(400, 'plan', 'March', 11, 'Cable_TV', 17, ''),
(401, 'plan', 'March', 12, 'Rent_plan', 485, ''),
(402, 'plan', 'March', 12, 'Costs_plan', 65, ''),
(403, 'plan', 'March', 12, 'Heating_plan', 40, ''),
(404, 'plan', 'March', 12, 'Cable_TV', 17, ''),
(405, 'plan', 'March', 13, 'Rent_plan', 490, ''),
(406, 'plan', 'March', 13, 'Costs_plan', 45, ''),
(407, 'plan', 'March', 13, 'Heating_plan', 35, ''),
(408, 'plan', 'March', 14, 'Rent_plan', 495, ''),
(409, 'plan', 'March', 14, 'Costs_plan', 55, ''),
(410, 'plan', 'March', 14, 'Heating_plan', 35, ''),
(411, 'plan', 'March', 14, 'Cable_TV', 17, ''),
(412, 'plan', 'March', 15, 'Rent_plan', 485, ''),
(413, 'plan', 'March', 15, 'Costs_plan', 60, ''),
(414, 'plan', 'March', 15, 'Heating_plan', 25, ''),
(415, 'plan', 'March', 15, 'Cable_TV', 17, ''),
(416, 'plan', 'March', 16, 'Rent_plan', 310, ''),
(417, 'plan', 'March', 16, 'Costs_plan', 75, ''),
(418, 'plan', 'March', 16, 'Heating_plan', 40, ''),
(419, 'plan', 'March', 16, 'Cable_TV', 15, ''),
(420, 'plan', 'March', 17, 'Rent_plan', 150, ''),
(421, 'plan', 'March', 17, 'Costs_plan', 50, ''),
(422, 'plan', 'March', 17, 'Heating_plan', 20, ''),
(423, 'plan', 'March', 17, 'Cable_TV', 15, ''),
(424, 'plan', 'March', 18, 'Rent_plan', 457, ''),
(425, 'plan', 'March', 18, 'Costs_plan', 58, ''),
(426, 'plan', 'March', 18, 'Heating_plan', 30, ''),
(427, 'plan', 'March', 19, 'Rent_plan', 360, ''),
(428, 'plan', 'March', 19, 'Costs_plan', 75, ''),
(429, 'plan', 'March', 19, 'Heating_plan', 70, ''),
(430, 'plan', 'March', 19, 'Cable_TV', 15, ''),
(431, 'plan', 'March', 20, 'Rent_plan', 350, ''),
(432, 'plan', 'March', 20, 'Costs_plan', 50, ''),
(433, 'plan', 'March', 20, 'Heating_plan', 20, ''),
(434, 'plan', 'March', 20, 'Cable_TV', 17, ''),
(435, 'plan', 'March', 21, 'Rent_plan', 255, ''),
(436, 'plan', 'March', 21, 'Costs_plan', 50, ''),
(437, 'plan', 'March', 21, 'Heating_plan', 20, ''),
(438, 'plan', 'March', 21, 'Cable_TV', 15, ''),
(439, 'plan', 'March', 22, 'Rent_plan', 342, ''),
(440, 'plan', 'March', 22, 'Costs_plan', 57, ''),
(441, 'plan', 'March', 22, 'Heating_plan', 30, ''),
(442, 'plan', 'March', 23, 'Rent_plan', 470, ''),
(443, 'plan', 'March', 23, 'Costs_plan', 45, ''),
(444, 'plan', 'March', 23, 'Heating_plan', 35, ''),
(445, 'plan', 'March', 24, 'Rent_plan', 285, ''),
(446, 'plan', 'March', 24, 'Costs_plan', 50, ''),
(447, 'plan', 'March', 24, 'Heating_plan', 20, ''),
(448, 'plan', 'March', 24, 'Cable_TV', 15, ''),
(449, 'plan', 'March', 25, 'Rent_plan', 265, ''),
(450, 'plan', 'March', 25, 'Costs_plan', 45, ''),
(451, 'plan', 'March', 25, 'Heating_plan', 20, ''),
(452, 'plan', 'March', 25, 'Cable_TV', 15, ''),
(453, 'plan', 'March', 26, 'Rent_plan', 360, ''),
(454, 'plan', 'March', 26, 'Costs_plan', 45, ''),
(455, 'plan', 'March', 26, 'Heating_plan', 35, ''),
(456, 'plan', 'March', 27, 'Rent_plan', 380, ''),
(457, 'plan', 'March', 27, 'Costs_plan', 80, ''),
(458, 'plan', 'March', 27, 'Heating_plan', 25, ''),
(459, 'plan', 'March', 27, 'Cable_TV', 17, ''),
(460, 'plan', 'March', 28, 'Rent_plan', 265, ''),
(461, 'plan', 'March', 28, 'Costs_plan', 52, ''),
(462, 'plan', 'March', 28, 'Heating_plan', 15, ''),
(463, 'plan', 'March', 28, 'Cable_TV', 12, ''),
(464, 'plan', 'March', 29, 'Rent_plan', 315, ''),
(465, 'plan', 'March', 29, 'Costs_plan', 50, ''),
(466, 'plan', 'March', 29, 'Heating_plan', 25, ''),
(467, 'plan', 'March', 29, 'Cable_TV', 17, ''),
(468, 'plan', 'March', 30, 'Rent_plan', 490, ''),
(469, 'plan', 'March', 30, 'Costs_plan', 50, ''),
(470, 'plan', 'March', 30, 'Heating_plan', 50, ''),
(471, 'plan', 'March', 30, 'Cable_TV', 17, ''),
(472, 'plan', 'March', 31, 'Rent_plan', 342, ''),
(473, 'plan', 'March', 31, 'Costs_plan', 57, ''),
(474, 'plan', 'March', 31, 'Heating_plan', 30, ''),
(475, 'plan', 'March', 32, 'Rent_plan', 342, ''),
(476, 'plan', 'March', 32, 'Costs_plan', 40, ''),
(477, 'plan', 'March', 32, 'Heating_plan', 30, ''),
(478, 'plan', 'March', 32, 'Cable_TV', 17, ''),
(479, 'plan', 'March', 33, 'Rent_plan', 495, ''),
(480, 'plan', 'March', 33, 'Costs_plan', 45, ''),
(481, 'plan', 'March', 33, 'Heating_plan', 35, ''),
(482, 'plan', 'March', 34, 'Rent_plan', 235, ''),
(483, 'plan', 'March', 34, 'Costs_plan', 40, ''),
(484, 'plan', 'March', 34, 'Heating_plan', 40, ''),
(485, 'plan', 'March', 34, 'Cable_TV', 15, ''),
(486, 'plan', 'March', 35, 'Rent_plan', 340, ''),
(487, 'plan', 'March', 35, 'Costs_plan', 40, ''),
(488, 'plan', 'March', 35, 'Heating_plan', 40, ''),
(489, 'plan', 'March', 35, 'Cable_TV', 15, ''),
(490, 'plan', 'March', 36, 'Rent_plan', 310, ''),
(491, 'plan', 'March', 36, 'Costs_plan', 55, ''),
(492, 'plan', 'March', 36, 'Heating_plan', 20, ''),
(493, 'plan', 'March', 36, 'Cable_TV', 15, ''),
(494, 'plan', 'March', 37, 'Rent_plan', 420, ''),
(495, 'plan', 'March', 37, 'Costs_plan', 90, ''),
(496, 'plan', 'March', 37, 'Heating_plan', 60, ''),
(497, 'plan', 'March', 38, 'Rent_plan', 540, ''),
(498, 'plan', 'March', 38, 'Costs_plan', 60, ''),
(499, 'plan', 'March', 38, 'Heating_plan', 25, ''),
(500, 'plan', 'March', 38, 'Cable_TV', 17, ''),
(501, 'plan', 'March', 39, 'Rent_plan', 540, ''),
(502, 'plan', 'March', 39, 'Costs_plan', 60, ''),
(503, 'plan', 'March', 39, 'Heating_plan', 25, ''),
(504, 'plan', 'March', 39, 'Cable_TV', 17, ''),
(505, 'plan', 'March', 40, 'Rent_plan', 450, ''),
(506, 'plan', 'March', 40, 'Costs_plan', 60, ''),
(507, 'plan', 'March', 40, 'Heating_plan', 25, ''),
(508, 'plan', 'March', 40, 'Cable_TV', 17, ''),
(509, 'plan', 'March', 41, 'Rent_plan', 540, ''),
(510, 'plan', 'March', 41, 'Costs_plan', 60, ''),
(511, 'plan', 'March', 41, 'Heating_plan', 25, ''),
(512, 'plan', 'March', 41, 'Cable_TV', 17, ''),
(513, 'plan', 'March', 42, 'Rent_plan', 435, ''),
(514, 'plan', 'March', 42, 'Costs_plan', 75, ''),
(515, 'plan', 'March', 42, 'Heating_plan', 50, ''),
(516, 'plan', 'March', 43, 'Rent_plan', 543, ''),
(517, 'plan', 'March', 43, 'Costs_plan', 77, ''),
(518, 'plan', 'March', 43, 'Heating_plan', 30, ''),
(519, 'plan', 'March', 44, 'Rent_plan', 332, ''),
(520, 'plan', 'March', 44, 'Costs_plan', 55, ''),
(521, 'plan', 'March', 44, 'Heating_plan', 20, ''),
(522, 'plan', 'March', 44, 'Cable_TV', 15, ''),
(523, 'plan', 'March', 45, 'Rent_plan', 485, ''),
(524, 'plan', 'March', 45, 'Costs_plan', 65, ''),
(525, 'plan', 'March', 45, 'Heating_plan', 35, ''),
(526, 'plan', 'March', 45, 'Cable_TV', 17, ''),
(527, 'plan', 'March', 46, 'Rent_plan', 555, ''),
(528, 'plan', 'March', 46, 'Costs_plan', 75, ''),
(529, 'plan', 'March', 46, 'Heating_plan', 35, ''),
(530, 'plan', 'March', 46, 'Cable_TV', 15, ''),
(531, 'plan', 'March', 47, 'Rent_plan', 120, ''),
(532, 'plan', 'March', 48, 'Rent_plan', 100, ''),
(533, 'plan', 'March', 49, 'Rent_plan', 30, ''),
(534, 'plan', 'March', 50, 'Rent_plan', 20, ''),
(535, 'plan', 'March', 51, 'Rent_plan', 125, ''),
(536, 'plan', 'March', 52, 'Rent_plan', 150, ''),
(537, 'plan', 'March', 53, 'Rent_plan', 130, ''),
(538, 'plan', 'March', 54, 'Rent_plan', 115, ''),
(539, 'plan', 'April', 1, 'Rent_plan', 1200, ''),
(540, 'plan', 'April', 1, 'Costs_plan', 140, ''),
(541, 'plan', 'April', 1, 'Heating_plan', 100, ''),
(542, 'plan', 'April', 2, 'Rent_plan', 200, ''),
(543, 'plan', 'April', 2, 'Costs_plan', 55, ''),
(544, 'plan', 'April', 2, 'Heating_plan', 45, ''),
(545, 'plan', 'April', 3, 'Rent_plan', 795, ''),
(546, 'plan', 'April', 3, 'Costs_plan', 75, ''),
(547, 'plan', 'April', 3, 'Heating_plan', 55, ''),
(548, 'plan', 'April', 3, 'Cable_TV', 17, ''),
(549, 'plan', 'April', 4, 'Rent_plan', 485, ''),
(550, 'plan', 'April', 4, 'Costs_plan', 55, ''),
(551, 'plan', 'April', 4, 'Heating_plan', 30, ''),
(552, 'plan', 'April', 4, 'Cable_TV', 17, ''),
(553, 'plan', 'April', 5, 'Rent_plan', 404, ''),
(554, 'plan', 'April', 5, 'Costs_plan', 61, ''),
(555, 'plan', 'April', 5, 'Heating_plan', 22, ''),
(556, 'plan', 'April', 5, 'Cable_TV', 9, ''),
(557, 'plan', 'April', 6, 'Rent_plan', 900, ''),
(558, 'plan', 'April', 6, 'Costs_plan', 160, ''),
(559, 'plan', 'April', 6, 'Heating_plan', 150, ''),
(560, 'plan', 'April', 7, 'Rent_plan', 650, ''),
(561, 'plan', 'April', 7, 'Costs_plan', 55, ''),
(562, 'plan', 'April', 7, 'Heating_plan', 30, ''),
(563, 'plan', 'April', 7, 'Cable_TV', 17, ''),
(564, 'plan', 'April', 8, 'Rent_plan', 480, ''),
(565, 'plan', 'April', 8, 'Costs_plan', 55, ''),
(566, 'plan', 'April', 8, 'Heating_plan', 30, ''),
(567, 'plan', 'April', 8, 'Cable_TV', 17, ''),
(568, 'plan', 'April', 9, 'Rent_plan', 1450, ''),
(569, 'plan', 'April', 9, 'Costs_plan', 128, ''),
(570, 'plan', 'April', 9, 'Heating_plan', 90, ''),
(571, 'plan', 'April', 9, 'Cable_TV', 17, ''),
(572, 'plan', 'April', 10, 'Rent_plan', 525, ''),
(573, 'plan', 'April', 10, 'Costs_plan', 65, ''),
(574, 'plan', 'April', 10, 'Heating_plan', 40, ''),
(575, 'plan', 'April', 10, 'Cable_TV', 17, ''),
(576, 'plan', 'April', 11, 'Rent_plan', 355, ''),
(577, 'plan', 'April', 11, 'Costs_plan', 50, ''),
(578, 'plan', 'April', 11, 'Heating_plan', 20, ''),
(579, 'plan', 'April', 11, 'Cable_TV', 17, ''),
(580, 'plan', 'April', 12, 'Rent_plan', 485, ''),
(581, 'plan', 'April', 12, 'Costs_plan', 65, ''),
(582, 'plan', 'April', 12, 'Heating_plan', 40, ''),
(583, 'plan', 'April', 12, 'Cable_TV', 17, ''),
(584, 'plan', 'April', 13, 'Rent_plan', 490, ''),
(585, 'plan', 'April', 13, 'Costs_plan', 45, ''),
(586, 'plan', 'April', 13, 'Heating_plan', 35, ''),
(587, 'plan', 'April', 14, 'Rent_plan', 495, ''),
(588, 'plan', 'April', 14, 'Costs_plan', 55, ''),
(589, 'plan', 'April', 14, 'Heating_plan', 35, ''),
(590, 'plan', 'April', 14, 'Cable_TV', 17, ''),
(591, 'plan', 'April', 15, 'Rent_plan', 485, ''),
(592, 'plan', 'April', 15, 'Costs_plan', 60, ''),
(593, 'plan', 'April', 15, 'Heating_plan', 25, ''),
(594, 'plan', 'April', 15, 'Cable_TV', 17, ''),
(595, 'plan', 'April', 16, 'Rent_plan', 310, ''),
(596, 'plan', 'April', 16, 'Costs_plan', 75, ''),
(597, 'plan', 'April', 16, 'Heating_plan', 40, ''),
(598, 'plan', 'April', 16, 'Cable_TV', 15, ''),
(599, 'plan', 'April', 17, 'Rent_plan', 150, ''),
(600, 'plan', 'April', 17, 'Costs_plan', 50, ''),
(601, 'plan', 'April', 17, 'Heating_plan', 20, ''),
(602, 'plan', 'April', 17, 'Cable_TV', 15, ''),
(603, 'plan', 'April', 18, 'Rent_plan', 457, ''),
(604, 'plan', 'April', 18, 'Costs_plan', 58, ''),
(605, 'plan', 'April', 18, 'Heating_plan', 30, ''),
(606, 'plan', 'April', 19, 'Rent_plan', 360, ''),
(607, 'plan', 'April', 19, 'Costs_plan', 75, ''),
(608, 'plan', 'April', 19, 'Heating_plan', 70, ''),
(609, 'plan', 'April', 19, 'Cable_TV', 15, ''),
(610, 'plan', 'April', 20, 'Rent_plan', 350, ''),
(611, 'plan', 'April', 20, 'Costs_plan', 50, ''),
(612, 'plan', 'April', 20, 'Heating_plan', 20, ''),
(613, 'plan', 'April', 20, 'Cable_TV', 17, ''),
(614, 'plan', 'April', 21, 'Rent_plan', 255, ''),
(615, 'plan', 'April', 21, 'Costs_plan', 50, ''),
(616, 'plan', 'April', 21, 'Heating_plan', 20, ''),
(617, 'plan', 'April', 21, 'Cable_TV', 15, ''),
(618, 'plan', 'April', 22, 'Rent_plan', 342, ''),
(619, 'plan', 'April', 22, 'Costs_plan', 57, ''),
(620, 'plan', 'April', 22, 'Heating_plan', 30, ''),
(621, 'plan', 'April', 23, 'Rent_plan', 470, ''),
(622, 'plan', 'April', 23, 'Costs_plan', 45, ''),
(623, 'plan', 'April', 23, 'Heating_plan', 35, ''),
(624, 'plan', 'April', 24, 'Rent_plan', 285, ''),
(625, 'plan', 'April', 24, 'Costs_plan', 50, ''),
(626, 'plan', 'April', 24, 'Heating_plan', 20, ''),
(627, 'plan', 'April', 24, 'Cable_TV', 15, ''),
(628, 'plan', 'April', 25, 'Rent_plan', 265, ''),
(629, 'plan', 'April', 25, 'Costs_plan', 45, ''),
(630, 'plan', 'April', 25, 'Heating_plan', 20, ''),
(631, 'plan', 'April', 25, 'Cable_TV', 15, ''),
(632, 'plan', 'April', 26, 'Rent_plan', 360, ''),
(633, 'plan', 'April', 26, 'Costs_plan', 45, ''),
(634, 'plan', 'April', 26, 'Heating_plan', 35, ''),
(635, 'plan', 'April', 27, 'Rent_plan', 380, ''),
(636, 'plan', 'April', 27, 'Costs_plan', 80, ''),
(637, 'plan', 'April', 27, 'Heating_plan', 25, ''),
(638, 'plan', 'April', 27, 'Cable_TV', 17, ''),
(639, 'plan', 'April', 28, 'Rent_plan', 265, ''),
(640, 'plan', 'April', 28, 'Costs_plan', 52, ''),
(641, 'plan', 'April', 28, 'Heating_plan', 15, ''),
(642, 'plan', 'April', 28, 'Cable_TV', 12, ''),
(643, 'plan', 'April', 29, 'Rent_plan', 315, ''),
(644, 'plan', 'April', 29, 'Costs_plan', 50, ''),
(645, 'plan', 'April', 29, 'Heating_plan', 25, ''),
(646, 'plan', 'April', 29, 'Cable_TV', 17, ''),
(647, 'plan', 'April', 30, 'Rent_plan', 490, ''),
(648, 'plan', 'April', 30, 'Costs_plan', 50, ''),
(649, 'plan', 'April', 30, 'Heating_plan', 50, ''),
(650, 'plan', 'April', 30, 'Cable_TV', 17, ''),
(651, 'plan', 'April', 31, 'Rent_plan', 342, ''),
(652, 'plan', 'April', 31, 'Costs_plan', 57, ''),
(653, 'plan', 'April', 31, 'Heating_plan', 30, ''),
(654, 'plan', 'April', 32, 'Rent_plan', 342, ''),
(655, 'plan', 'April', 32, 'Costs_plan', 40, ''),
(656, 'plan', 'April', 32, 'Heating_plan', 30, ''),
(657, 'plan', 'April', 32, 'Cable_TV', 17, ''),
(658, 'plan', 'April', 33, 'Rent_plan', 495, ''),
(659, 'plan', 'April', 33, 'Costs_plan', 45, ''),
(660, 'plan', 'April', 33, 'Heating_plan', 35, ''),
(661, 'plan', 'April', 34, 'Rent_plan', 235, ''),
(662, 'plan', 'April', 34, 'Costs_plan', 40, ''),
(663, 'plan', 'April', 34, 'Heating_plan', 40, ''),
(664, 'plan', 'April', 34, 'Cable_TV', 15, ''),
(665, 'plan', 'April', 35, 'Rent_plan', 340, ''),
(666, 'plan', 'April', 35, 'Costs_plan', 40, ''),
(667, 'plan', 'April', 35, 'Heating_plan', 40, ''),
(668, 'plan', 'April', 35, 'Cable_TV', 15, ''),
(669, 'plan', 'April', 36, 'Rent_plan', 310, ''),
(670, 'plan', 'April', 36, 'Costs_plan', 55, ''),
(671, 'plan', 'April', 36, 'Heating_plan', 20, ''),
(672, 'plan', 'April', 36, 'Cable_TV', 15, ''),
(673, 'plan', 'April', 37, 'Rent_plan', 420, ''),
(674, 'plan', 'April', 37, 'Costs_plan', 90, ''),
(675, 'plan', 'April', 37, 'Heating_plan', 60, ''),
(676, 'plan', 'April', 38, 'Rent_plan', 540, ''),
(677, 'plan', 'April', 38, 'Costs_plan', 60, ''),
(678, 'plan', 'April', 38, 'Heating_plan', 25, ''),
(679, 'plan', 'April', 38, 'Cable_TV', 17, ''),
(680, 'plan', 'April', 39, 'Rent_plan', 540, ''),
(681, 'plan', 'April', 39, 'Costs_plan', 60, ''),
(682, 'plan', 'April', 39, 'Heating_plan', 25, ''),
(683, 'plan', 'April', 39, 'Cable_TV', 17, ''),
(684, 'plan', 'April', 40, 'Rent_plan', 450, ''),
(685, 'plan', 'April', 40, 'Costs_plan', 60, ''),
(686, 'plan', 'April', 40, 'Heating_plan', 25, ''),
(687, 'plan', 'April', 40, 'Cable_TV', 17, ''),
(688, 'plan', 'April', 41, 'Rent_plan', 540, ''),
(689, 'plan', 'April', 41, 'Costs_plan', 60, ''),
(690, 'plan', 'April', 41, 'Heating_plan', 25, ''),
(691, 'plan', 'April', 41, 'Cable_TV', 17, ''),
(692, 'plan', 'April', 42, 'Rent_plan', 435, ''),
(693, 'plan', 'April', 42, 'Costs_plan', 75, ''),
(694, 'plan', 'April', 42, 'Heating_plan', 50, ''),
(695, 'plan', 'April', 43, 'Rent_plan', 543, ''),
(696, 'plan', 'April', 43, 'Costs_plan', 77, ''),
(697, 'plan', 'April', 43, 'Heating_plan', 30, ''),
(698, 'plan', 'April', 44, 'Rent_plan', 332, ''),
(699, 'plan', 'April', 44, 'Costs_plan', 55, ''),
(700, 'plan', 'April', 44, 'Heating_plan', 20, ''),
(701, 'plan', 'April', 44, 'Cable_TV', 15, ''),
(702, 'plan', 'April', 45, 'Rent_plan', 485, ''),
(703, 'plan', 'April', 45, 'Costs_plan', 65, ''),
(704, 'plan', 'April', 45, 'Heating_plan', 35, ''),
(705, 'plan', 'April', 45, 'Cable_TV', 17, ''),
(706, 'plan', 'April', 46, 'Rent_plan', 555, ''),
(707, 'plan', 'April', 46, 'Costs_plan', 75, ''),
(708, 'plan', 'April', 46, 'Heating_plan', 35, ''),
(709, 'plan', 'April', 46, 'Cable_TV', 15, ''),
(710, 'plan', 'April', 47, 'Rent_plan', 120, ''),
(711, 'plan', 'April', 48, 'Rent_plan', 100, ''),
(712, 'plan', 'April', 49, 'Rent_plan', 30, ''),
(713, 'plan', 'April', 50, 'Rent_plan', 20, ''),
(714, 'plan', 'April', 51, 'Rent_plan', 125, ''),
(715, 'plan', 'April', 52, 'Rent_plan', 150, ''),
(716, 'plan', 'April', 53, 'Rent_plan', 130, ''),
(717, 'plan', 'April', 54, 'Rent_plan', 115, ''),
(718, 'plan', 'May', 1, 'Rent_plan', 1200, ''),
(719, 'plan', 'May', 1, 'Costs_plan', 140, ''),
(720, 'plan', 'May', 1, 'Heating_plan', 100, ''),
(721, 'plan', 'May', 2, 'Rent_plan', 200, ''),
(722, 'plan', 'May', 2, 'Costs_plan', 55, ''),
(723, 'plan', 'May', 2, 'Heating_plan', 45, ''),
(724, 'plan', 'May', 3, 'Rent_plan', 795, ''),
(725, 'plan', 'May', 3, 'Costs_plan', 75, ''),
(726, 'plan', 'May', 3, 'Heating_plan', 55, ''),
(727, 'plan', 'May', 3, 'Cable_TV', 17, ''),
(728, 'plan', 'May', 4, 'Rent_plan', 485, ''),
(729, 'plan', 'May', 4, 'Costs_plan', 55, ''),
(730, 'plan', 'May', 4, 'Heating_plan', 30, ''),
(731, 'plan', 'May', 4, 'Cable_TV', 17, ''),
(732, 'plan', 'May', 5, 'Rent_plan', 404, ''),
(733, 'plan', 'May', 5, 'Costs_plan', 61, ''),
(734, 'plan', 'May', 5, 'Heating_plan', 22, ''),
(735, 'plan', 'May', 5, 'Cable_TV', 9, ''),
(736, 'plan', 'May', 6, 'Rent_plan', 900, ''),
(737, 'plan', 'May', 6, 'Costs_plan', 160, ''),
(738, 'plan', 'May', 6, 'Heating_plan', 150, ''),
(739, 'plan', 'May', 7, 'Rent_plan', 650, ''),
(740, 'plan', 'May', 7, 'Costs_plan', 55, ''),
(741, 'plan', 'May', 7, 'Heating_plan', 30, ''),
(742, 'plan', 'May', 7, 'Cable_TV', 17, ''),
(743, 'plan', 'May', 8, 'Rent_plan', 480, ''),
(744, 'plan', 'May', 8, 'Costs_plan', 55, ''),
(745, 'plan', 'May', 8, 'Heating_plan', 30, ''),
(746, 'plan', 'May', 8, 'Cable_TV', 17, ''),
(747, 'plan', 'May', 9, 'Rent_plan', 1450, ''),
(748, 'plan', 'May', 9, 'Costs_plan', 128, ''),
(749, 'plan', 'May', 9, 'Heating_plan', 90, ''),
(750, 'plan', 'May', 9, 'Cable_TV', 17, ''),
(751, 'plan', 'May', 10, 'Rent_plan', 525, ''),
(752, 'plan', 'May', 10, 'Costs_plan', 65, ''),
(753, 'plan', 'May', 10, 'Heating_plan', 40, ''),
(754, 'plan', 'May', 10, 'Cable_TV', 17, ''),
(755, 'plan', 'May', 11, 'Rent_plan', 355, ''),
(756, 'plan', 'May', 11, 'Costs_plan', 50, ''),
(757, 'plan', 'May', 11, 'Heating_plan', 20, ''),
(758, 'plan', 'May', 11, 'Cable_TV', 17, ''),
(759, 'plan', 'May', 12, 'Rent_plan', 485, ''),
(760, 'plan', 'May', 12, 'Costs_plan', 65, ''),
(761, 'plan', 'May', 12, 'Heating_plan', 40, ''),
(762, 'plan', 'May', 12, 'Cable_TV', 17, ''),
(763, 'plan', 'May', 13, 'Rent_plan', 490, ''),
(764, 'plan', 'May', 13, 'Costs_plan', 45, ''),
(765, 'plan', 'May', 13, 'Heating_plan', 35, ''),
(766, 'plan', 'May', 14, 'Rent_plan', 495, ''),
(767, 'plan', 'May', 14, 'Costs_plan', 55, ''),
(768, 'plan', 'May', 14, 'Heating_plan', 35, ''),
(769, 'plan', 'May', 14, 'Cable_TV', 17, ''),
(770, 'plan', 'May', 15, 'Rent_plan', 485, ''),
(771, 'plan', 'May', 15, 'Costs_plan', 60, ''),
(772, 'plan', 'May', 15, 'Heating_plan', 25, ''),
(773, 'plan', 'May', 15, 'Cable_TV', 17, ''),
(774, 'plan', 'May', 16, 'Rent_plan', 310, ''),
(775, 'plan', 'May', 16, 'Costs_plan', 75, ''),
(776, 'plan', 'May', 16, 'Heating_plan', 40, ''),
(777, 'plan', 'May', 16, 'Cable_TV', 15, ''),
(778, 'plan', 'May', 17, 'Rent_plan', 150, ''),
(779, 'plan', 'May', 17, 'Costs_plan', 50, ''),
(780, 'plan', 'May', 17, 'Heating_plan', 20, ''),
(781, 'plan', 'May', 17, 'Cable_TV', 15, ''),
(782, 'plan', 'May', 18, 'Rent_plan', 457, ''),
(783, 'plan', 'May', 18, 'Costs_plan', 58, ''),
(784, 'plan', 'May', 18, 'Heating_plan', 30, ''),
(785, 'plan', 'May', 19, 'Rent_plan', 360, ''),
(786, 'plan', 'May', 19, 'Costs_plan', 75, ''),
(787, 'plan', 'May', 19, 'Heating_plan', 70, ''),
(788, 'plan', 'May', 19, 'Cable_TV', 15, ''),
(789, 'plan', 'May', 20, 'Rent_plan', 350, ''),
(790, 'plan', 'May', 20, 'Costs_plan', 50, ''),
(791, 'plan', 'May', 20, 'Heating_plan', 20, ''),
(792, 'plan', 'May', 20, 'Cable_TV', 17, ''),
(793, 'plan', 'May', 21, 'Rent_plan', 255, ''),
(794, 'plan', 'May', 21, 'Costs_plan', 50, ''),
(795, 'plan', 'May', 21, 'Heating_plan', 20, ''),
(796, 'plan', 'May', 21, 'Cable_TV', 15, ''),
(797, 'plan', 'May', 22, 'Rent_plan', 342, ''),
(798, 'plan', 'May', 22, 'Costs_plan', 57, ''),
(799, 'plan', 'May', 22, 'Heating_plan', 30, ''),
(800, 'plan', 'May', 23, 'Rent_plan', 470, ''),
(801, 'plan', 'May', 23, 'Costs_plan', 45, ''),
(802, 'plan', 'May', 23, 'Heating_plan', 35, ''),
(803, 'plan', 'May', 24, 'Rent_plan', 285, ''),
(804, 'plan', 'May', 24, 'Costs_plan', 50, ''),
(805, 'plan', 'May', 24, 'Heating_plan', 20, ''),
(806, 'plan', 'May', 24, 'Cable_TV', 15, ''),
(807, 'plan', 'May', 25, 'Rent_plan', 265, ''),
(808, 'plan', 'May', 25, 'Costs_plan', 45, ''),
(809, 'plan', 'May', 25, 'Heating_plan', 20, ''),
(810, 'plan', 'May', 25, 'Cable_TV', 15, ''),
(811, 'plan', 'May', 26, 'Rent_plan', 360, ''),
(812, 'plan', 'May', 26, 'Costs_plan', 45, ''),
(813, 'plan', 'May', 26, 'Heating_plan', 35, ''),
(814, 'plan', 'May', 27, 'Rent_plan', 380, ''),
(815, 'plan', 'May', 27, 'Costs_plan', 80, ''),
(816, 'plan', 'May', 27, 'Heating_plan', 25, ''),
(817, 'plan', 'May', 27, 'Cable_TV', 17, ''),
(818, 'plan', 'May', 28, 'Rent_plan', 265, ''),
(819, 'plan', 'May', 28, 'Costs_plan', 52, ''),
(820, 'plan', 'May', 28, 'Heating_plan', 15, ''),
(821, 'plan', 'May', 28, 'Cable_TV', 12, ''),
(822, 'plan', 'May', 29, 'Rent_plan', 315, ''),
(823, 'plan', 'May', 29, 'Costs_plan', 50, ''),
(824, 'plan', 'May', 29, 'Heating_plan', 25, ''),
(825, 'plan', 'May', 29, 'Cable_TV', 17, ''),
(826, 'plan', 'May', 30, 'Rent_plan', 490, ''),
(827, 'plan', 'May', 30, 'Costs_plan', 50, ''),
(828, 'plan', 'May', 30, 'Heating_plan', 50, ''),
(829, 'plan', 'May', 30, 'Cable_TV', 17, ''),
(830, 'plan', 'May', 31, 'Rent_plan', 342, ''),
(831, 'plan', 'May', 31, 'Costs_plan', 57, ''),
(832, 'plan', 'May', 31, 'Heating_plan', 30, ''),
(833, 'plan', 'May', 32, 'Rent_plan', 342, ''),
(834, 'plan', 'May', 32, 'Costs_plan', 40, ''),
(835, 'plan', 'May', 32, 'Heating_plan', 30, ''),
(836, 'plan', 'May', 32, 'Cable_TV', 17, ''),
(837, 'plan', 'May', 33, 'Rent_plan', 495, ''),
(838, 'plan', 'May', 33, 'Costs_plan', 45, ''),
(839, 'plan', 'May', 33, 'Heating_plan', 35, ''),
(840, 'plan', 'May', 34, 'Rent_plan', 235, ''),
(841, 'plan', 'May', 34, 'Costs_plan', 40, ''),
(842, 'plan', 'May', 34, 'Heating_plan', 40, ''),
(843, 'plan', 'May', 34, 'Cable_TV', 15, ''),
(844, 'plan', 'May', 35, 'Rent_plan', 340, ''),
(845, 'plan', 'May', 35, 'Costs_plan', 40, ''),
(846, 'plan', 'May', 35, 'Heating_plan', 40, ''),
(847, 'plan', 'May', 35, 'Cable_TV', 15, ''),
(848, 'plan', 'May', 36, 'Rent_plan', 310, ''),
(849, 'plan', 'May', 36, 'Costs_plan', 55, ''),
(850, 'plan', 'May', 36, 'Heating_plan', 20, ''),
(851, 'plan', 'May', 36, 'Cable_TV', 15, ''),
(852, 'plan', 'May', 37, 'Rent_plan', 420, ''),
(853, 'plan', 'May', 37, 'Costs_plan', 90, ''),
(854, 'plan', 'May', 37, 'Heating_plan', 60, ''),
(855, 'plan', 'May', 38, 'Rent_plan', 540, ''),
(856, 'plan', 'May', 38, 'Costs_plan', 60, ''),
(857, 'plan', 'May', 38, 'Heating_plan', 25, ''),
(858, 'plan', 'May', 38, 'Cable_TV', 17, ''),
(859, 'plan', 'May', 39, 'Rent_plan', 540, ''),
(860, 'plan', 'May', 39, 'Costs_plan', 60, ''),
(861, 'plan', 'May', 39, 'Heating_plan', 25, ''),
(862, 'plan', 'May', 39, 'Cable_TV', 17, ''),
(863, 'plan', 'May', 40, 'Rent_plan', 450, ''),
(864, 'plan', 'May', 40, 'Costs_plan', 60, ''),
(865, 'plan', 'May', 40, 'Heating_plan', 25, ''),
(866, 'plan', 'May', 40, 'Cable_TV', 17, ''),
(867, 'plan', 'May', 41, 'Rent_plan', 540, ''),
(868, 'plan', 'May', 41, 'Costs_plan', 60, ''),
(869, 'plan', 'May', 41, 'Heating_plan', 25, ''),
(870, 'plan', 'May', 41, 'Cable_TV', 17, ''),
(871, 'plan', 'May', 42, 'Rent_plan', 435, ''),
(872, 'plan', 'May', 42, 'Costs_plan', 75, ''),
(873, 'plan', 'May', 42, 'Heating_plan', 50, ''),
(874, 'plan', 'May', 43, 'Rent_plan', 543, ''),
(875, 'plan', 'May', 43, 'Costs_plan', 77, ''),
(876, 'plan', 'May', 43, 'Heating_plan', 30, ''),
(877, 'plan', 'May', 44, 'Rent_plan', 332, ''),
(878, 'plan', 'May', 44, 'Costs_plan', 55, ''),
(879, 'plan', 'May', 44, 'Heating_plan', 20, ''),
(880, 'plan', 'May', 44, 'Cable_TV', 15, ''),
(881, 'plan', 'May', 45, 'Rent_plan', 485, ''),
(882, 'plan', 'May', 45, 'Costs_plan', 65, ''),
(883, 'plan', 'May', 45, 'Heating_plan', 35, ''),
(884, 'plan', 'May', 45, 'Cable_TV', 17, ''),
(885, 'plan', 'May', 46, 'Rent_plan', 555, ''),
(886, 'plan', 'May', 46, 'Costs_plan', 75, ''),
(887, 'plan', 'May', 46, 'Heating_plan', 35, ''),
(888, 'plan', 'May', 46, 'Cable_TV', 15, ''),
(889, 'plan', 'May', 47, 'Rent_plan', 120, ''),
(890, 'plan', 'May', 48, 'Rent_plan', 100, ''),
(891, 'plan', 'May', 49, 'Rent_plan', 30, ''),
(892, 'plan', 'May', 50, 'Rent_plan', 20, ''),
(893, 'plan', 'May', 51, 'Rent_plan', 125, ''),
(894, 'plan', 'May', 52, 'Rent_plan', 150, ''),
(895, 'plan', 'May', 53, 'Rent_plan', 130, ''),
(896, 'plan', 'May', 54, 'Rent_plan', 115, ''),
(897, 'plan', 'June', 1, 'Rent_plan', 1200, ''),
(898, 'plan', 'June', 1, 'Costs_plan', 140, ''),
(899, 'plan', 'June', 1, 'Heating_plan', 100, ''),
(900, 'plan', 'June', 2, 'Rent_plan', 200, ''),
(901, 'plan', 'June', 2, 'Costs_plan', 55, ''),
(902, 'plan', 'June', 2, 'Heating_plan', 45, ''),
(903, 'plan', 'June', 3, 'Rent_plan', 795, ''),
(904, 'plan', 'June', 3, 'Costs_plan', 75, ''),
(905, 'plan', 'June', 3, 'Heating_plan', 55, ''),
(906, 'plan', 'June', 3, 'Cable_TV', 17, ''),
(907, 'plan', 'June', 4, 'Rent_plan', 485, ''),
(908, 'plan', 'June', 4, 'Costs_plan', 55, ''),
(909, 'plan', 'June', 4, 'Heating_plan', 30, ''),
(910, 'plan', 'June', 4, 'Cable_TV', 17, ''),
(911, 'plan', 'June', 5, 'Rent_plan', 404, ''),
(912, 'plan', 'June', 5, 'Costs_plan', 61, ''),
(913, 'plan', 'June', 5, 'Heating_plan', 22, ''),
(914, 'plan', 'June', 5, 'Cable_TV', 9, ''),
(915, 'plan', 'June', 6, 'Rent_plan', 900, ''),
(916, 'plan', 'June', 6, 'Costs_plan', 160, ''),
(917, 'plan', 'June', 6, 'Heating_plan', 150, ''),
(918, 'plan', 'June', 7, 'Rent_plan', 650, ''),
(919, 'plan', 'June', 7, 'Costs_plan', 55, ''),
(920, 'plan', 'June', 7, 'Heating_plan', 30, ''),
(921, 'plan', 'June', 7, 'Cable_TV', 17, ''),
(922, 'plan', 'June', 8, 'Rent_plan', 480, ''),
(923, 'plan', 'June', 8, 'Costs_plan', 55, ''),
(924, 'plan', 'June', 8, 'Heating_plan', 30, ''),
(925, 'plan', 'June', 8, 'Cable_TV', 17, ''),
(926, 'plan', 'June', 9, 'Rent_plan', 1450, ''),
(927, 'plan', 'June', 9, 'Costs_plan', 128, ''),
(928, 'plan', 'June', 9, 'Heating_plan', 90, ''),
(929, 'plan', 'June', 9, 'Cable_TV', 17, ''),
(930, 'plan', 'June', 10, 'Rent_plan', 525, ''),
(931, 'plan', 'June', 10, 'Costs_plan', 65, ''),
(932, 'plan', 'June', 10, 'Heating_plan', 40, ''),
(933, 'plan', 'June', 10, 'Cable_TV', 17, ''),
(934, 'plan', 'June', 11, 'Rent_plan', 355, ''),
(935, 'plan', 'June', 11, 'Costs_plan', 50, ''),
(936, 'plan', 'June', 11, 'Heating_plan', 20, ''),
(937, 'plan', 'June', 11, 'Cable_TV', 17, ''),
(938, 'plan', 'June', 12, 'Rent_plan', 485, ''),
(939, 'plan', 'June', 12, 'Costs_plan', 65, ''),
(940, 'plan', 'June', 12, 'Heating_plan', 40, ''),
(941, 'plan', 'June', 12, 'Cable_TV', 17, ''),
(942, 'plan', 'June', 13, 'Rent_plan', 490, ''),
(943, 'plan', 'June', 13, 'Costs_plan', 45, ''),
(944, 'plan', 'June', 13, 'Heating_plan', 35, ''),
(945, 'plan', 'June', 14, 'Rent_plan', 495, ''),
(946, 'plan', 'June', 14, 'Costs_plan', 55, ''),
(947, 'plan', 'June', 14, 'Heating_plan', 35, ''),
(948, 'plan', 'June', 14, 'Cable_TV', 17, ''),
(949, 'plan', 'June', 15, 'Rent_plan', 485, ''),
(950, 'plan', 'June', 15, 'Costs_plan', 60, ''),
(951, 'plan', 'June', 15, 'Heating_plan', 25, ''),
(952, 'plan', 'June', 15, 'Cable_TV', 17, ''),
(953, 'plan', 'June', 16, 'Rent_plan', 310, ''),
(954, 'plan', 'June', 16, 'Costs_plan', 75, ''),
(955, 'plan', 'June', 16, 'Heating_plan', 40, ''),
(956, 'plan', 'June', 16, 'Cable_TV', 15, ''),
(957, 'plan', 'June', 17, 'Rent_plan', 150, ''),
(958, 'plan', 'June', 17, 'Costs_plan', 50, ''),
(959, 'plan', 'June', 17, 'Heating_plan', 20, ''),
(960, 'plan', 'June', 17, 'Cable_TV', 15, ''),
(961, 'plan', 'June', 18, 'Rent_plan', 457, ''),
(962, 'plan', 'June', 18, 'Costs_plan', 58, ''),
(963, 'plan', 'June', 18, 'Heating_plan', 30, ''),
(964, 'plan', 'June', 19, 'Rent_plan', 360, ''),
(965, 'plan', 'June', 19, 'Costs_plan', 75, ''),
(966, 'plan', 'June', 19, 'Heating_plan', 70, ''),
(967, 'plan', 'June', 19, 'Cable_TV', 15, ''),
(968, 'plan', 'June', 20, 'Rent_plan', 350, ''),
(969, 'plan', 'June', 20, 'Costs_plan', 50, ''),
(970, 'plan', 'June', 20, 'Heating_plan', 20, ''),
(971, 'plan', 'June', 20, 'Cable_TV', 17, ''),
(972, 'plan', 'June', 21, 'Rent_plan', 255, ''),
(973, 'plan', 'June', 21, 'Costs_plan', 50, ''),
(974, 'plan', 'June', 21, 'Heating_plan', 20, ''),
(975, 'plan', 'June', 21, 'Cable_TV', 15, ''),
(976, 'plan', 'June', 22, 'Rent_plan', 342, ''),
(977, 'plan', 'June', 22, 'Costs_plan', 57, ''),
(978, 'plan', 'June', 22, 'Heating_plan', 30, ''),
(979, 'plan', 'June', 23, 'Rent_plan', 470, ''),
(980, 'plan', 'June', 23, 'Costs_plan', 45, ''),
(981, 'plan', 'June', 23, 'Heating_plan', 35, ''),
(982, 'plan', 'June', 24, 'Rent_plan', 285, ''),
(983, 'plan', 'June', 24, 'Costs_plan', 50, ''),
(984, 'plan', 'June', 24, 'Heating_plan', 20, ''),
(985, 'plan', 'June', 24, 'Cable_TV', 15, ''),
(986, 'plan', 'June', 25, 'Rent_plan', 265, ''),
(987, 'plan', 'June', 25, 'Costs_plan', 45, ''),
(988, 'plan', 'June', 25, 'Heating_plan', 20, ''),
(989, 'plan', 'June', 25, 'Cable_TV', 15, ''),
(990, 'plan', 'June', 26, 'Rent_plan', 360, ''),
(991, 'plan', 'June', 26, 'Costs_plan', 45, ''),
(992, 'plan', 'June', 26, 'Heating_plan', 35, ''),
(993, 'plan', 'June', 27, 'Rent_plan', 380, ''),
(994, 'plan', 'June', 27, 'Costs_plan', 80, ''),
(995, 'plan', 'June', 27, 'Heating_plan', 25, ''),
(996, 'plan', 'June', 27, 'Cable_TV', 17, ''),
(997, 'plan', 'June', 28, 'Rent_plan', 265, ''),
(998, 'plan', 'June', 28, 'Costs_plan', 52, ''),
(999, 'plan', 'June', 28, 'Heating_plan', 15, ''),
(1000, 'plan', 'June', 28, 'Cable_TV', 12, ''),
(1001, 'plan', 'June', 29, 'Rent_plan', 315, ''),
(1002, 'plan', 'June', 29, 'Costs_plan', 50, ''),
(1003, 'plan', 'June', 29, 'Heating_plan', 25, ''),
(1004, 'plan', 'June', 29, 'Cable_TV', 17, ''),
(1005, 'plan', 'June', 30, 'Rent_plan', 490, ''),
(1006, 'plan', 'June', 30, 'Costs_plan', 50, ''),
(1007, 'plan', 'June', 30, 'Heating_plan', 50, ''),
(1008, 'plan', 'June', 30, 'Cable_TV', 17, ''),
(1009, 'plan', 'June', 31, 'Rent_plan', 342, ''),
(1010, 'plan', 'June', 31, 'Costs_plan', 57, ''),
(1011, 'plan', 'June', 31, 'Heating_plan', 30, ''),
(1012, 'plan', 'June', 32, 'Rent_plan', 342, ''),
(1013, 'plan', 'June', 32, 'Costs_plan', 40, ''),
(1014, 'plan', 'June', 32, 'Heating_plan', 30, ''),
(1015, 'plan', 'June', 32, 'Cable_TV', 17, ''),
(1016, 'plan', 'June', 33, 'Rent_plan', 495, ''),
(1017, 'plan', 'June', 33, 'Costs_plan', 45, ''),
(1018, 'plan', 'June', 33, 'Heating_plan', 35, ''),
(1019, 'plan', 'June', 34, 'Rent_plan', 235, ''),
(1020, 'plan', 'June', 34, 'Costs_plan', 40, ''),
(1021, 'plan', 'June', 34, 'Heating_plan', 40, ''),
(1022, 'plan', 'June', 34, 'Cable_TV', 15, ''),
(1023, 'plan', 'June', 35, 'Rent_plan', 340, ''),
(1024, 'plan', 'June', 35, 'Costs_plan', 40, ''),
(1025, 'plan', 'June', 35, 'Heating_plan', 40, ''),
(1026, 'plan', 'June', 35, 'Cable_TV', 15, ''),
(1027, 'plan', 'June', 36, 'Rent_plan', 310, ''),
(1028, 'plan', 'June', 36, 'Costs_plan', 55, ''),
(1029, 'plan', 'June', 36, 'Heating_plan', 20, ''),
(1030, 'plan', 'June', 36, 'Cable_TV', 15, ''),
(1031, 'plan', 'June', 37, 'Rent_plan', 420, ''),
(1032, 'plan', 'June', 37, 'Costs_plan', 90, ''),
(1033, 'plan', 'June', 37, 'Heating_plan', 60, ''),
(1034, 'plan', 'June', 38, 'Rent_plan', 540, '');
INSERT INTO `rental` (`id`, `model`, `month`, `id_description`, `purpose`, `cost`, `comments`) VALUES
(1035, 'plan', 'June', 38, 'Costs_plan', 60, ''),
(1036, 'plan', 'June', 38, 'Heating_plan', 25, ''),
(1037, 'plan', 'June', 38, 'Cable_TV', 17, ''),
(1038, 'plan', 'June', 39, 'Rent_plan', 540, ''),
(1039, 'plan', 'June', 39, 'Costs_plan', 60, ''),
(1040, 'plan', 'June', 39, 'Heating_plan', 25, ''),
(1041, 'plan', 'June', 39, 'Cable_TV', 17, ''),
(1042, 'plan', 'June', 40, 'Rent_plan', 450, ''),
(1043, 'plan', 'June', 40, 'Costs_plan', 60, ''),
(1044, 'plan', 'June', 40, 'Heating_plan', 25, ''),
(1045, 'plan', 'June', 40, 'Cable_TV', 17, ''),
(1046, 'plan', 'June', 41, 'Rent_plan', 540, ''),
(1047, 'plan', 'June', 41, 'Costs_plan', 60, ''),
(1048, 'plan', 'June', 41, 'Heating_plan', 25, ''),
(1049, 'plan', 'June', 41, 'Cable_TV', 17, ''),
(1050, 'plan', 'June', 42, 'Rent_plan', 435, ''),
(1051, 'plan', 'June', 42, 'Costs_plan', 75, ''),
(1052, 'plan', 'June', 42, 'Heating_plan', 50, ''),
(1053, 'plan', 'June', 43, 'Rent_plan', 543, ''),
(1054, 'plan', 'June', 43, 'Costs_plan', 77, ''),
(1055, 'plan', 'June', 43, 'Heating_plan', 30, ''),
(1056, 'plan', 'June', 44, 'Rent_plan', 332, ''),
(1057, 'plan', 'June', 44, 'Costs_plan', 55, ''),
(1058, 'plan', 'June', 44, 'Heating_plan', 20, ''),
(1059, 'plan', 'June', 44, 'Cable_TV', 15, ''),
(1060, 'plan', 'June', 45, 'Rent_plan', 485, ''),
(1061, 'plan', 'June', 45, 'Costs_plan', 65, ''),
(1062, 'plan', 'June', 45, 'Heating_plan', 35, ''),
(1063, 'plan', 'June', 45, 'Cable_TV', 17, ''),
(1064, 'plan', 'June', 46, 'Rent_plan', 555, ''),
(1065, 'plan', 'June', 46, 'Costs_plan', 75, ''),
(1066, 'plan', 'June', 46, 'Heating_plan', 35, ''),
(1067, 'plan', 'June', 46, 'Cable_TV', 15, ''),
(1068, 'plan', 'June', 47, 'Rent_plan', 120, ''),
(1069, 'plan', 'June', 48, 'Rent_plan', 100, ''),
(1070, 'plan', 'June', 49, 'Rent_plan', 30, ''),
(1071, 'plan', 'June', 50, 'Rent_plan', 20, ''),
(1072, 'plan', 'June', 51, 'Rent_plan', 125, ''),
(1073, 'plan', 'June', 52, 'Rent_plan', 150, ''),
(1074, 'plan', 'June', 53, 'Rent_plan', 130, ''),
(1075, 'plan', 'June', 54, 'Rent_plan', 115, ''),
(1076, 'plan', 'July', 1, 'Rent_plan', 1200, ''),
(1077, 'plan', 'July', 1, 'Costs_plan', 140, ''),
(1078, 'plan', 'July', 1, 'Heating_plan', 100, ''),
(1079, 'plan', 'July', 2, 'Rent_plan', 200, ''),
(1080, 'plan', 'July', 2, 'Costs_plan', 55, ''),
(1081, 'plan', 'July', 2, 'Heating_plan', 45, ''),
(1082, 'plan', 'July', 3, 'Rent_plan', 795, ''),
(1083, 'plan', 'July', 3, 'Costs_plan', 75, ''),
(1084, 'plan', 'July', 3, 'Heating_plan', 55, ''),
(1085, 'plan', 'July', 3, 'Cable_TV', 17, ''),
(1086, 'plan', 'July', 4, 'Rent_plan', 485, ''),
(1087, 'plan', 'July', 4, 'Costs_plan', 55, ''),
(1088, 'plan', 'July', 4, 'Heating_plan', 30, ''),
(1089, 'plan', 'July', 4, 'Cable_TV', 17, ''),
(1090, 'plan', 'July', 5, 'Rent_plan', 404, ''),
(1091, 'plan', 'July', 5, 'Costs_plan', 61, ''),
(1092, 'plan', 'July', 5, 'Heating_plan', 22, ''),
(1093, 'plan', 'July', 5, 'Cable_TV', 9, ''),
(1094, 'plan', 'July', 6, 'Rent_plan', 900, ''),
(1095, 'plan', 'July', 6, 'Costs_plan', 160, ''),
(1096, 'plan', 'July', 6, 'Heating_plan', 150, ''),
(1097, 'plan', 'July', 7, 'Rent_plan', 650, ''),
(1098, 'plan', 'July', 7, 'Costs_plan', 55, ''),
(1099, 'plan', 'July', 7, 'Heating_plan', 30, ''),
(1100, 'plan', 'July', 7, 'Cable_TV', 17, ''),
(1101, 'plan', 'July', 8, 'Rent_plan', 480, ''),
(1102, 'plan', 'July', 8, 'Costs_plan', 55, ''),
(1103, 'plan', 'July', 8, 'Heating_plan', 30, ''),
(1104, 'plan', 'July', 8, 'Cable_TV', 17, ''),
(1105, 'plan', 'July', 9, 'Rent_plan', 1450, ''),
(1106, 'plan', 'July', 9, 'Costs_plan', 128, ''),
(1107, 'plan', 'July', 9, 'Heating_plan', 90, ''),
(1108, 'plan', 'July', 9, 'Cable_TV', 17, ''),
(1109, 'plan', 'July', 10, 'Rent_plan', 525, ''),
(1110, 'plan', 'July', 10, 'Costs_plan', 65, ''),
(1111, 'plan', 'July', 10, 'Heating_plan', 40, ''),
(1112, 'plan', 'July', 10, 'Cable_TV', 17, ''),
(1113, 'plan', 'July', 11, 'Rent_plan', 355, ''),
(1114, 'plan', 'July', 11, 'Costs_plan', 50, ''),
(1115, 'plan', 'July', 11, 'Heating_plan', 20, ''),
(1116, 'plan', 'July', 11, 'Cable_TV', 17, ''),
(1117, 'plan', 'July', 12, 'Rent_plan', 485, ''),
(1118, 'plan', 'July', 12, 'Costs_plan', 65, ''),
(1119, 'plan', 'July', 12, 'Heating_plan', 40, ''),
(1120, 'plan', 'July', 12, 'Cable_TV', 17, ''),
(1121, 'plan', 'July', 13, 'Rent_plan', 490, ''),
(1122, 'plan', 'July', 13, 'Costs_plan', 45, ''),
(1123, 'plan', 'July', 13, 'Heating_plan', 35, ''),
(1124, 'plan', 'July', 14, 'Rent_plan', 495, ''),
(1125, 'plan', 'July', 14, 'Costs_plan', 55, ''),
(1126, 'plan', 'July', 14, 'Heating_plan', 35, ''),
(1127, 'plan', 'July', 14, 'Cable_TV', 17, ''),
(1128, 'plan', 'July', 15, 'Rent_plan', 485, ''),
(1129, 'plan', 'July', 15, 'Costs_plan', 60, ''),
(1130, 'plan', 'July', 15, 'Heating_plan', 25, ''),
(1131, 'plan', 'July', 15, 'Cable_TV', 17, ''),
(1132, 'plan', 'July', 16, 'Rent_plan', 310, ''),
(1133, 'plan', 'July', 16, 'Costs_plan', 75, ''),
(1134, 'plan', 'July', 16, 'Heating_plan', 40, ''),
(1135, 'plan', 'July', 16, 'Cable_TV', 15, ''),
(1136, 'plan', 'July', 17, 'Rent_plan', 150, ''),
(1137, 'plan', 'July', 17, 'Costs_plan', 50, ''),
(1138, 'plan', 'July', 17, 'Heating_plan', 20, ''),
(1139, 'plan', 'July', 17, 'Cable_TV', 15, ''),
(1140, 'plan', 'July', 18, 'Rent_plan', 457, ''),
(1141, 'plan', 'July', 18, 'Costs_plan', 58, ''),
(1142, 'plan', 'July', 18, 'Heating_plan', 30, ''),
(1143, 'plan', 'July', 19, 'Rent_plan', 360, ''),
(1144, 'plan', 'July', 19, 'Costs_plan', 75, ''),
(1145, 'plan', 'July', 19, 'Heating_plan', 70, ''),
(1146, 'plan', 'July', 19, 'Cable_TV', 15, ''),
(1147, 'plan', 'July', 20, 'Rent_plan', 350, ''),
(1148, 'plan', 'July', 20, 'Costs_plan', 50, ''),
(1149, 'plan', 'July', 20, 'Heating_plan', 20, ''),
(1150, 'plan', 'July', 20, 'Cable_TV', 17, ''),
(1151, 'plan', 'July', 21, 'Rent_plan', 255, ''),
(1152, 'plan', 'July', 21, 'Costs_plan', 50, ''),
(1153, 'plan', 'July', 21, 'Heating_plan', 20, ''),
(1154, 'plan', 'July', 21, 'Cable_TV', 15, ''),
(1155, 'plan', 'July', 22, 'Rent_plan', 342, ''),
(1156, 'plan', 'July', 22, 'Costs_plan', 57, ''),
(1157, 'plan', 'July', 22, 'Heating_plan', 30, ''),
(1158, 'plan', 'July', 23, 'Rent_plan', 470, ''),
(1159, 'plan', 'July', 23, 'Costs_plan', 45, ''),
(1160, 'plan', 'July', 23, 'Heating_plan', 35, ''),
(1161, 'plan', 'July', 24, 'Rent_plan', 285, ''),
(1162, 'plan', 'July', 24, 'Costs_plan', 50, ''),
(1163, 'plan', 'July', 24, 'Heating_plan', 20, ''),
(1164, 'plan', 'July', 24, 'Cable_TV', 15, ''),
(1165, 'plan', 'July', 25, 'Rent_plan', 265, ''),
(1166, 'plan', 'July', 25, 'Costs_plan', 45, ''),
(1167, 'plan', 'July', 25, 'Heating_plan', 20, ''),
(1168, 'plan', 'July', 25, 'Cable_TV', 15, ''),
(1169, 'plan', 'July', 26, 'Rent_plan', 360, ''),
(1170, 'plan', 'July', 26, 'Costs_plan', 45, ''),
(1171, 'plan', 'July', 26, 'Heating_plan', 35, ''),
(1172, 'plan', 'July', 27, 'Rent_plan', 380, ''),
(1173, 'plan', 'July', 27, 'Costs_plan', 80, ''),
(1174, 'plan', 'July', 27, 'Heating_plan', 25, ''),
(1175, 'plan', 'July', 27, 'Cable_TV', 17, ''),
(1176, 'plan', 'July', 28, 'Rent_plan', 265, ''),
(1177, 'plan', 'July', 28, 'Costs_plan', 52, ''),
(1178, 'plan', 'July', 28, 'Heating_plan', 15, ''),
(1179, 'plan', 'July', 28, 'Cable_TV', 12, ''),
(1180, 'plan', 'July', 29, 'Rent_plan', 315, ''),
(1181, 'plan', 'July', 29, 'Costs_plan', 50, ''),
(1182, 'plan', 'July', 29, 'Heating_plan', 25, ''),
(1183, 'plan', 'July', 29, 'Cable_TV', 17, ''),
(1184, 'plan', 'July', 30, 'Rent_plan', 490, ''),
(1185, 'plan', 'July', 30, 'Costs_plan', 50, ''),
(1186, 'plan', 'July', 30, 'Heating_plan', 50, ''),
(1187, 'plan', 'July', 30, 'Cable_TV', 17, ''),
(1188, 'plan', 'July', 31, 'Rent_plan', 342, ''),
(1189, 'plan', 'July', 31, 'Costs_plan', 57, ''),
(1190, 'plan', 'July', 31, 'Heating_plan', 30, ''),
(1191, 'plan', 'July', 32, 'Rent_plan', 342, ''),
(1192, 'plan', 'July', 32, 'Costs_plan', 40, ''),
(1193, 'plan', 'July', 32, 'Heating_plan', 30, ''),
(1194, 'plan', 'July', 32, 'Cable_TV', 17, ''),
(1195, 'plan', 'July', 33, 'Rent_plan', 495, ''),
(1196, 'plan', 'July', 33, 'Costs_plan', 45, ''),
(1197, 'plan', 'July', 33, 'Heating_plan', 35, ''),
(1198, 'plan', 'July', 34, 'Rent_plan', 235, ''),
(1199, 'plan', 'July', 34, 'Costs_plan', 40, ''),
(1200, 'plan', 'July', 34, 'Heating_plan', 40, ''),
(1201, 'plan', 'July', 34, 'Cable_TV', 15, ''),
(1202, 'plan', 'July', 35, 'Rent_plan', 340, ''),
(1203, 'plan', 'July', 35, 'Costs_plan', 40, ''),
(1204, 'plan', 'July', 35, 'Heating_plan', 40, ''),
(1205, 'plan', 'July', 35, 'Cable_TV', 15, ''),
(1206, 'plan', 'July', 36, 'Rent_plan', 310, ''),
(1207, 'plan', 'July', 36, 'Costs_plan', 55, ''),
(1208, 'plan', 'July', 36, 'Heating_plan', 20, ''),
(1209, 'plan', 'July', 36, 'Cable_TV', 15, ''),
(1210, 'plan', 'July', 37, 'Rent_plan', 420, ''),
(1211, 'plan', 'July', 37, 'Costs_plan', 90, ''),
(1212, 'plan', 'July', 37, 'Heating_plan', 60, ''),
(1213, 'plan', 'July', 38, 'Rent_plan', 540, ''),
(1214, 'plan', 'July', 38, 'Costs_plan', 60, ''),
(1215, 'plan', 'July', 38, 'Heating_plan', 25, ''),
(1216, 'plan', 'July', 38, 'Cable_TV', 17, ''),
(1217, 'plan', 'July', 39, 'Rent_plan', 540, ''),
(1218, 'plan', 'July', 39, 'Costs_plan', 60, ''),
(1219, 'plan', 'July', 39, 'Heating_plan', 25, ''),
(1220, 'plan', 'July', 39, 'Cable_TV', 17, ''),
(1221, 'plan', 'July', 40, 'Rent_plan', 450, ''),
(1222, 'plan', 'July', 40, 'Costs_plan', 60, ''),
(1223, 'plan', 'July', 40, 'Heating_plan', 25, ''),
(1224, 'plan', 'July', 40, 'Cable_TV', 17, ''),
(1225, 'plan', 'July', 41, 'Rent_plan', 540, ''),
(1226, 'plan', 'July', 41, 'Costs_plan', 60, ''),
(1227, 'plan', 'July', 41, 'Heating_plan', 25, ''),
(1228, 'plan', 'July', 41, 'Cable_TV', 17, ''),
(1229, 'plan', 'July', 42, 'Rent_plan', 435, ''),
(1230, 'plan', 'July', 42, 'Costs_plan', 75, ''),
(1231, 'plan', 'July', 42, 'Heating_plan', 50, ''),
(1232, 'plan', 'July', 43, 'Rent_plan', 543, ''),
(1233, 'plan', 'July', 43, 'Costs_plan', 77, ''),
(1234, 'plan', 'July', 43, 'Heating_plan', 30, ''),
(1235, 'plan', 'July', 44, 'Rent_plan', 332, ''),
(1236, 'plan', 'July', 44, 'Costs_plan', 55, ''),
(1237, 'plan', 'July', 44, 'Heating_plan', 20, ''),
(1238, 'plan', 'July', 44, 'Cable_TV', 15, ''),
(1239, 'plan', 'July', 45, 'Rent_plan', 485, ''),
(1240, 'plan', 'July', 45, 'Costs_plan', 65, ''),
(1241, 'plan', 'July', 45, 'Heating_plan', 35, ''),
(1242, 'plan', 'July', 45, 'Cable_TV', 17, ''),
(1243, 'plan', 'July', 46, 'Rent_plan', 555, ''),
(1244, 'plan', 'July', 46, 'Costs_plan', 75, ''),
(1245, 'plan', 'July', 46, 'Heating_plan', 35, ''),
(1246, 'plan', 'July', 46, 'Cable_TV', 15, ''),
(1247, 'plan', 'July', 47, 'Rent_plan', 120, ''),
(1248, 'plan', 'July', 48, 'Rent_plan', 100, ''),
(1249, 'plan', 'July', 49, 'Rent_plan', 30, ''),
(1250, 'plan', 'July', 50, 'Rent_plan', 20, ''),
(1251, 'plan', 'July', 51, 'Rent_plan', 125, ''),
(1252, 'plan', 'July', 52, 'Rent_plan', 150, ''),
(1253, 'plan', 'July', 53, 'Rent_plan', 130, ''),
(1254, 'plan', 'July', 54, 'Rent_plan', 115, ''),
(1255, 'plan', 'August', 1, 'Rent_plan', 1200, ''),
(1256, 'plan', 'August', 1, 'Costs_plan', 140, ''),
(1257, 'plan', 'August', 1, 'Heating_plan', 100, ''),
(1258, 'plan', 'August', 2, 'Rent_plan', 200, ''),
(1259, 'plan', 'August', 2, 'Costs_plan', 55, ''),
(1260, 'plan', 'August', 2, 'Heating_plan', 45, ''),
(1261, 'plan', 'August', 3, 'Rent_plan', 795, ''),
(1262, 'plan', 'August', 3, 'Costs_plan', 75, ''),
(1263, 'plan', 'August', 3, 'Heating_plan', 55, ''),
(1264, 'plan', 'August', 3, 'Cable_TV', 17, ''),
(1265, 'plan', 'August', 4, 'Rent_plan', 485, ''),
(1266, 'plan', 'August', 4, 'Costs_plan', 55, ''),
(1267, 'plan', 'August', 4, 'Heating_plan', 30, ''),
(1268, 'plan', 'August', 4, 'Cable_TV', 17, ''),
(1269, 'plan', 'August', 5, 'Rent_plan', 404, ''),
(1270, 'plan', 'August', 5, 'Costs_plan', 61, ''),
(1271, 'plan', 'August', 5, 'Heating_plan', 22, ''),
(1272, 'plan', 'August', 5, 'Cable_TV', 9, ''),
(1273, 'plan', 'August', 6, 'Rent_plan', 900, ''),
(1274, 'plan', 'August', 6, 'Costs_plan', 160, ''),
(1275, 'plan', 'August', 6, 'Heating_plan', 150, ''),
(1276, 'plan', 'August', 7, 'Rent_plan', 650, ''),
(1277, 'plan', 'August', 7, 'Costs_plan', 55, ''),
(1278, 'plan', 'August', 7, 'Heating_plan', 30, ''),
(1279, 'plan', 'August', 7, 'Cable_TV', 17, ''),
(1280, 'plan', 'August', 8, 'Rent_plan', 480, ''),
(1281, 'plan', 'August', 8, 'Costs_plan', 55, ''),
(1282, 'plan', 'August', 8, 'Heating_plan', 30, ''),
(1283, 'plan', 'August', 8, 'Cable_TV', 17, ''),
(1284, 'plan', 'August', 9, 'Rent_plan', 1450, ''),
(1285, 'plan', 'August', 9, 'Costs_plan', 128, ''),
(1286, 'plan', 'August', 9, 'Heating_plan', 90, ''),
(1287, 'plan', 'August', 9, 'Cable_TV', 17, ''),
(1288, 'plan', 'August', 10, 'Rent_plan', 525, ''),
(1289, 'plan', 'August', 10, 'Costs_plan', 65, ''),
(1290, 'plan', 'August', 10, 'Heating_plan', 40, ''),
(1291, 'plan', 'August', 10, 'Cable_TV', 17, ''),
(1292, 'plan', 'August', 11, 'Rent_plan', 355, ''),
(1293, 'plan', 'August', 11, 'Costs_plan', 50, ''),
(1294, 'plan', 'August', 11, 'Heating_plan', 20, ''),
(1295, 'plan', 'August', 11, 'Cable_TV', 17, ''),
(1296, 'plan', 'August', 12, 'Rent_plan', 485, ''),
(1297, 'plan', 'August', 12, 'Costs_plan', 65, ''),
(1298, 'plan', 'August', 12, 'Heating_plan', 40, ''),
(1299, 'plan', 'August', 12, 'Cable_TV', 17, ''),
(1300, 'plan', 'August', 13, 'Rent_plan', 490, ''),
(1301, 'plan', 'August', 13, 'Costs_plan', 45, ''),
(1302, 'plan', 'August', 13, 'Heating_plan', 35, ''),
(1303, 'plan', 'August', 14, 'Rent_plan', 495, ''),
(1304, 'plan', 'August', 14, 'Costs_plan', 55, ''),
(1305, 'plan', 'August', 14, 'Heating_plan', 35, ''),
(1306, 'plan', 'August', 14, 'Cable_TV', 17, ''),
(1307, 'plan', 'August', 15, 'Rent_plan', 485, ''),
(1308, 'plan', 'August', 15, 'Costs_plan', 60, ''),
(1309, 'plan', 'August', 15, 'Heating_plan', 25, ''),
(1310, 'plan', 'August', 15, 'Cable_TV', 17, ''),
(1311, 'plan', 'August', 16, 'Rent_plan', 310, ''),
(1312, 'plan', 'August', 16, 'Costs_plan', 75, ''),
(1313, 'plan', 'August', 16, 'Heating_plan', 40, ''),
(1314, 'plan', 'August', 16, 'Cable_TV', 15, ''),
(1315, 'plan', 'August', 17, 'Rent_plan', 150, ''),
(1316, 'plan', 'August', 17, 'Costs_plan', 50, ''),
(1317, 'plan', 'August', 17, 'Heating_plan', 20, ''),
(1318, 'plan', 'August', 17, 'Cable_TV', 15, ''),
(1319, 'plan', 'August', 18, 'Rent_plan', 457, ''),
(1320, 'plan', 'August', 18, 'Costs_plan', 58, ''),
(1321, 'plan', 'August', 18, 'Heating_plan', 30, ''),
(1322, 'plan', 'August', 19, 'Rent_plan', 360, ''),
(1323, 'plan', 'August', 19, 'Costs_plan', 75, ''),
(1324, 'plan', 'August', 19, 'Heating_plan', 70, ''),
(1325, 'plan', 'August', 19, 'Cable_TV', 15, ''),
(1326, 'plan', 'August', 20, 'Rent_plan', 350, ''),
(1327, 'plan', 'August', 20, 'Costs_plan', 50, ''),
(1328, 'plan', 'August', 20, 'Heating_plan', 20, ''),
(1329, 'plan', 'August', 20, 'Cable_TV', 17, ''),
(1330, 'plan', 'August', 21, 'Rent_plan', 255, ''),
(1331, 'plan', 'August', 21, 'Costs_plan', 50, ''),
(1332, 'plan', 'August', 21, 'Heating_plan', 20, ''),
(1333, 'plan', 'August', 21, 'Cable_TV', 15, ''),
(1334, 'plan', 'August', 22, 'Rent_plan', 342, ''),
(1335, 'plan', 'August', 22, 'Costs_plan', 57, ''),
(1336, 'plan', 'August', 22, 'Heating_plan', 30, ''),
(1337, 'plan', 'August', 23, 'Rent_plan', 470, ''),
(1338, 'plan', 'August', 23, 'Costs_plan', 45, ''),
(1339, 'plan', 'August', 23, 'Heating_plan', 35, ''),
(1340, 'plan', 'August', 24, 'Rent_plan', 285, ''),
(1341, 'plan', 'August', 24, 'Costs_plan', 50, ''),
(1342, 'plan', 'August', 24, 'Heating_plan', 20, ''),
(1343, 'plan', 'August', 24, 'Cable_TV', 15, ''),
(1344, 'plan', 'August', 25, 'Rent_plan', 265, ''),
(1345, 'plan', 'August', 25, 'Costs_plan', 45, ''),
(1346, 'plan', 'August', 25, 'Heating_plan', 20, ''),
(1347, 'plan', 'August', 25, 'Cable_TV', 15, ''),
(1348, 'plan', 'August', 26, 'Rent_plan', 360, ''),
(1349, 'plan', 'August', 26, 'Costs_plan', 45, ''),
(1350, 'plan', 'August', 26, 'Heating_plan', 35, ''),
(1351, 'plan', 'August', 27, 'Rent_plan', 380, ''),
(1352, 'plan', 'August', 27, 'Costs_plan', 80, ''),
(1353, 'plan', 'August', 27, 'Heating_plan', 25, ''),
(1354, 'plan', 'August', 27, 'Cable_TV', 17, ''),
(1355, 'plan', 'August', 28, 'Rent_plan', 265, ''),
(1356, 'plan', 'August', 28, 'Costs_plan', 52, ''),
(1357, 'plan', 'August', 28, 'Heating_plan', 15, ''),
(1358, 'plan', 'August', 28, 'Cable_TV', 12, ''),
(1359, 'plan', 'August', 29, 'Rent_plan', 315, ''),
(1360, 'plan', 'August', 29, 'Costs_plan', 50, ''),
(1361, 'plan', 'August', 29, 'Heating_plan', 25, ''),
(1362, 'plan', 'August', 29, 'Cable_TV', 17, ''),
(1363, 'plan', 'August', 30, 'Rent_plan', 490, ''),
(1364, 'plan', 'August', 30, 'Costs_plan', 50, ''),
(1365, 'plan', 'August', 30, 'Heating_plan', 50, ''),
(1366, 'plan', 'August', 30, 'Cable_TV', 17, ''),
(1367, 'plan', 'August', 31, 'Rent_plan', 342, ''),
(1368, 'plan', 'August', 31, 'Costs_plan', 57, ''),
(1369, 'plan', 'August', 31, 'Heating_plan', 30, ''),
(1370, 'plan', 'August', 32, 'Rent_plan', 342, ''),
(1371, 'plan', 'August', 32, 'Costs_plan', 40, ''),
(1372, 'plan', 'August', 32, 'Heating_plan', 30, ''),
(1373, 'plan', 'August', 32, 'Cable_TV', 17, ''),
(1374, 'plan', 'August', 33, 'Rent_plan', 495, ''),
(1375, 'plan', 'August', 33, 'Costs_plan', 45, ''),
(1376, 'plan', 'August', 33, 'Heating_plan', 35, ''),
(1377, 'plan', 'August', 34, 'Rent_plan', 235, ''),
(1378, 'plan', 'August', 34, 'Costs_plan', 40, ''),
(1379, 'plan', 'August', 34, 'Heating_plan', 40, ''),
(1380, 'plan', 'August', 34, 'Cable_TV', 15, ''),
(1381, 'plan', 'August', 35, 'Rent_plan', 340, ''),
(1382, 'plan', 'August', 35, 'Costs_plan', 40, ''),
(1383, 'plan', 'August', 35, 'Heating_plan', 40, ''),
(1384, 'plan', 'August', 35, 'Cable_TV', 15, ''),
(1385, 'plan', 'August', 36, 'Rent_plan', 310, ''),
(1386, 'plan', 'August', 36, 'Costs_plan', 55, ''),
(1387, 'plan', 'August', 36, 'Heating_plan', 20, ''),
(1388, 'plan', 'August', 36, 'Cable_TV', 15, ''),
(1389, 'plan', 'August', 37, 'Rent_plan', 420, ''),
(1390, 'plan', 'August', 37, 'Costs_plan', 90, ''),
(1391, 'plan', 'August', 37, 'Heating_plan', 60, ''),
(1392, 'plan', 'August', 38, 'Rent_plan', 540, ''),
(1393, 'plan', 'August', 38, 'Costs_plan', 60, ''),
(1394, 'plan', 'August', 38, 'Heating_plan', 25, ''),
(1395, 'plan', 'August', 38, 'Cable_TV', 17, ''),
(1396, 'plan', 'August', 39, 'Rent_plan', 540, ''),
(1397, 'plan', 'August', 39, 'Costs_plan', 60, ''),
(1398, 'plan', 'August', 39, 'Heating_plan', 25, ''),
(1399, 'plan', 'August', 39, 'Cable_TV', 17, ''),
(1400, 'plan', 'August', 40, 'Rent_plan', 450, ''),
(1401, 'plan', 'August', 40, 'Costs_plan', 60, ''),
(1402, 'plan', 'August', 40, 'Heating_plan', 25, ''),
(1403, 'plan', 'August', 40, 'Cable_TV', 17, ''),
(1404, 'plan', 'August', 41, 'Rent_plan', 540, ''),
(1405, 'plan', 'August', 41, 'Costs_plan', 60, ''),
(1406, 'plan', 'August', 41, 'Heating_plan', 25, ''),
(1407, 'plan', 'August', 41, 'Cable_TV', 17, ''),
(1408, 'plan', 'August', 42, 'Rent_plan', 435, ''),
(1409, 'plan', 'August', 42, 'Costs_plan', 75, ''),
(1410, 'plan', 'August', 42, 'Heating_plan', 50, ''),
(1411, 'plan', 'August', 43, 'Rent_plan', 543, ''),
(1412, 'plan', 'August', 43, 'Costs_plan', 77, ''),
(1413, 'plan', 'August', 43, 'Heating_plan', 30, ''),
(1414, 'plan', 'August', 44, 'Rent_plan', 332, ''),
(1415, 'plan', 'August', 44, 'Costs_plan', 55, ''),
(1416, 'plan', 'August', 44, 'Heating_plan', 20, ''),
(1417, 'plan', 'August', 44, 'Cable_TV', 15, ''),
(1418, 'plan', 'August', 45, 'Rent_plan', 485, ''),
(1419, 'plan', 'August', 45, 'Costs_plan', 65, ''),
(1420, 'plan', 'August', 45, 'Heating_plan', 35, ''),
(1421, 'plan', 'August', 45, 'Cable_TV', 17, ''),
(1422, 'plan', 'August', 46, 'Rent_plan', 555, ''),
(1423, 'plan', 'August', 46, 'Costs_plan', 75, ''),
(1424, 'plan', 'August', 46, 'Heating_plan', 35, ''),
(1425, 'plan', 'August', 46, 'Cable_TV', 15, ''),
(1426, 'plan', 'August', 47, 'Rent_plan', 120, ''),
(1427, 'plan', 'August', 48, 'Rent_plan', 100, ''),
(1428, 'plan', 'August', 49, 'Rent_plan', 30, ''),
(1429, 'plan', 'August', 50, 'Rent_plan', 20, ''),
(1430, 'plan', 'August', 51, 'Rent_plan', 125, ''),
(1431, 'plan', 'August', 52, 'Rent_plan', 150, ''),
(1432, 'plan', 'August', 53, 'Rent_plan', 130, ''),
(1433, 'plan', 'August', 54, 'Rent_plan', 115, ''),
(1434, 'plan', 'September', 1, 'Rent_plan', 1200, ''),
(1435, 'plan', 'September', 1, 'Costs_plan', 140, ''),
(1436, 'plan', 'September', 1, 'Heating_plan', 100, ''),
(1437, 'plan', 'September', 2, 'Rent_plan', 200, ''),
(1438, 'plan', 'September', 2, 'Costs_plan', 55, ''),
(1439, 'plan', 'September', 2, 'Heating_plan', 45, ''),
(1440, 'plan', 'September', 3, 'Rent_plan', 795, ''),
(1441, 'plan', 'September', 3, 'Costs_plan', 75, ''),
(1442, 'plan', 'September', 3, 'Heating_plan', 55, ''),
(1443, 'plan', 'September', 3, 'Cable_TV', 17, ''),
(1444, 'plan', 'September', 4, 'Rent_plan', 485, ''),
(1445, 'plan', 'September', 4, 'Costs_plan', 55, ''),
(1446, 'plan', 'September', 4, 'Heating_plan', 30, ''),
(1447, 'plan', 'September', 4, 'Cable_TV', 17, ''),
(1448, 'plan', 'September', 5, 'Rent_plan', 404, ''),
(1449, 'plan', 'September', 5, 'Costs_plan', 61, ''),
(1450, 'plan', 'September', 5, 'Heating_plan', 22, ''),
(1451, 'plan', 'September', 5, 'Cable_TV', 9, ''),
(1452, 'plan', 'September', 6, 'Rent_plan', 900, ''),
(1453, 'plan', 'September', 6, 'Costs_plan', 160, ''),
(1454, 'plan', 'September', 6, 'Heating_plan', 150, ''),
(1455, 'plan', 'September', 7, 'Rent_plan', 650, ''),
(1456, 'plan', 'September', 7, 'Costs_plan', 55, ''),
(1457, 'plan', 'September', 7, 'Heating_plan', 30, ''),
(1458, 'plan', 'September', 7, 'Cable_TV', 17, ''),
(1459, 'plan', 'September', 8, 'Rent_plan', 480, ''),
(1460, 'plan', 'September', 8, 'Costs_plan', 55, ''),
(1461, 'plan', 'September', 8, 'Heating_plan', 30, ''),
(1462, 'plan', 'September', 8, 'Cable_TV', 17, ''),
(1463, 'plan', 'September', 9, 'Rent_plan', 1450, ''),
(1464, 'plan', 'September', 9, 'Costs_plan', 128, ''),
(1465, 'plan', 'September', 9, 'Heating_plan', 90, ''),
(1466, 'plan', 'September', 9, 'Cable_TV', 17, ''),
(1467, 'plan', 'September', 10, 'Rent_plan', 525, ''),
(1468, 'plan', 'September', 10, 'Costs_plan', 65, ''),
(1469, 'plan', 'September', 10, 'Heating_plan', 40, ''),
(1470, 'plan', 'September', 10, 'Cable_TV', 17, ''),
(1471, 'plan', 'September', 11, 'Rent_plan', 355, ''),
(1472, 'plan', 'September', 11, 'Costs_plan', 50, ''),
(1473, 'plan', 'September', 11, 'Heating_plan', 20, ''),
(1474, 'plan', 'September', 11, 'Cable_TV', 17, ''),
(1475, 'plan', 'September', 12, 'Rent_plan', 485, ''),
(1476, 'plan', 'September', 12, 'Costs_plan', 65, ''),
(1477, 'plan', 'September', 12, 'Heating_plan', 40, ''),
(1478, 'plan', 'September', 12, 'Cable_TV', 17, ''),
(1479, 'plan', 'September', 13, 'Rent_plan', 490, ''),
(1480, 'plan', 'September', 13, 'Costs_plan', 45, ''),
(1481, 'plan', 'September', 13, 'Heating_plan', 35, ''),
(1482, 'plan', 'September', 14, 'Rent_plan', 495, ''),
(1483, 'plan', 'September', 14, 'Costs_plan', 55, ''),
(1484, 'plan', 'September', 14, 'Heating_plan', 35, ''),
(1485, 'plan', 'September', 14, 'Cable_TV', 17, ''),
(1486, 'plan', 'September', 15, 'Rent_plan', 485, ''),
(1487, 'plan', 'September', 15, 'Costs_plan', 60, ''),
(1488, 'plan', 'September', 15, 'Heating_plan', 25, ''),
(1489, 'plan', 'September', 15, 'Cable_TV', 17, ''),
(1490, 'plan', 'September', 16, 'Rent_plan', 310, ''),
(1491, 'plan', 'September', 16, 'Costs_plan', 75, ''),
(1492, 'plan', 'September', 16, 'Heating_plan', 40, ''),
(1493, 'plan', 'September', 16, 'Cable_TV', 15, ''),
(1494, 'plan', 'September', 17, 'Rent_plan', 150, ''),
(1495, 'plan', 'September', 17, 'Costs_plan', 50, ''),
(1496, 'plan', 'September', 17, 'Heating_plan', 20, ''),
(1497, 'plan', 'September', 17, 'Cable_TV', 15, ''),
(1498, 'plan', 'September', 18, 'Rent_plan', 457, ''),
(1499, 'plan', 'September', 18, 'Costs_plan', 58, ''),
(1500, 'plan', 'September', 18, 'Heating_plan', 30, ''),
(1501, 'plan', 'September', 19, 'Rent_plan', 360, ''),
(1502, 'plan', 'September', 19, 'Costs_plan', 75, ''),
(1503, 'plan', 'September', 19, 'Heating_plan', 70, ''),
(1504, 'plan', 'September', 19, 'Cable_TV', 15, ''),
(1505, 'plan', 'September', 20, 'Rent_plan', 350, ''),
(1506, 'plan', 'September', 20, 'Costs_plan', 50, ''),
(1507, 'plan', 'September', 20, 'Heating_plan', 20, ''),
(1508, 'plan', 'September', 20, 'Cable_TV', 17, ''),
(1509, 'plan', 'September', 21, 'Rent_plan', 255, ''),
(1510, 'plan', 'September', 21, 'Costs_plan', 50, ''),
(1511, 'plan', 'September', 21, 'Heating_plan', 20, ''),
(1512, 'plan', 'September', 21, 'Cable_TV', 15, ''),
(1513, 'plan', 'September', 22, 'Rent_plan', 342, ''),
(1514, 'plan', 'September', 22, 'Costs_plan', 57, ''),
(1515, 'plan', 'September', 22, 'Heating_plan', 30, ''),
(1516, 'plan', 'September', 23, 'Rent_plan', 470, ''),
(1517, 'plan', 'September', 23, 'Costs_plan', 45, ''),
(1518, 'plan', 'September', 23, 'Heating_plan', 35, ''),
(1519, 'plan', 'September', 24, 'Rent_plan', 285, ''),
(1520, 'plan', 'September', 24, 'Costs_plan', 50, ''),
(1521, 'plan', 'September', 24, 'Heating_plan', 20, ''),
(1522, 'plan', 'September', 24, 'Cable_TV', 15, ''),
(1523, 'plan', 'September', 25, 'Rent_plan', 265, ''),
(1524, 'plan', 'September', 25, 'Costs_plan', 45, ''),
(1525, 'plan', 'September', 25, 'Heating_plan', 20, ''),
(1526, 'plan', 'September', 25, 'Cable_TV', 15, ''),
(1527, 'plan', 'September', 26, 'Rent_plan', 360, ''),
(1528, 'plan', 'September', 26, 'Costs_plan', 45, ''),
(1529, 'plan', 'September', 26, 'Heating_plan', 35, ''),
(1530, 'plan', 'September', 27, 'Rent_plan', 380, ''),
(1531, 'plan', 'September', 27, 'Costs_plan', 80, ''),
(1532, 'plan', 'September', 27, 'Heating_plan', 25, ''),
(1533, 'plan', 'September', 27, 'Cable_TV', 17, ''),
(1534, 'plan', 'September', 28, 'Rent_plan', 265, ''),
(1535, 'plan', 'September', 28, 'Costs_plan', 52, ''),
(1536, 'plan', 'September', 28, 'Heating_plan', 15, ''),
(1537, 'plan', 'September', 28, 'Cable_TV', 12, ''),
(1538, 'plan', 'September', 29, 'Rent_plan', 315, ''),
(1539, 'plan', 'September', 29, 'Costs_plan', 50, ''),
(1540, 'plan', 'September', 29, 'Heating_plan', 25, ''),
(1541, 'plan', 'September', 29, 'Cable_TV', 17, ''),
(1542, 'plan', 'September', 30, 'Rent_plan', 490, ''),
(1543, 'plan', 'September', 30, 'Costs_plan', 50, ''),
(1544, 'plan', 'September', 30, 'Heating_plan', 50, ''),
(1545, 'plan', 'September', 30, 'Cable_TV', 17, ''),
(1546, 'plan', 'September', 31, 'Rent_plan', 342, ''),
(1547, 'plan', 'September', 31, 'Costs_plan', 57, ''),
(1548, 'plan', 'September', 31, 'Heating_plan', 30, ''),
(1549, 'plan', 'September', 32, 'Rent_plan', 342, ''),
(1550, 'plan', 'September', 32, 'Costs_plan', 40, ''),
(1551, 'plan', 'September', 32, 'Heating_plan', 30, ''),
(1552, 'plan', 'September', 32, 'Cable_TV', 17, ''),
(1553, 'plan', 'September', 33, 'Rent_plan', 495, ''),
(1554, 'plan', 'September', 33, 'Costs_plan', 45, ''),
(1555, 'plan', 'September', 33, 'Heating_plan', 35, ''),
(1556, 'plan', 'September', 34, 'Rent_plan', 235, ''),
(1557, 'plan', 'September', 34, 'Costs_plan', 40, ''),
(1558, 'plan', 'September', 34, 'Heating_plan', 40, ''),
(1559, 'plan', 'September', 34, 'Cable_TV', 15, ''),
(1560, 'plan', 'September', 35, 'Rent_plan', 340, ''),
(1561, 'plan', 'September', 35, 'Costs_plan', 40, ''),
(1562, 'plan', 'September', 35, 'Heating_plan', 40, ''),
(1563, 'plan', 'September', 35, 'Cable_TV', 15, ''),
(1564, 'plan', 'September', 36, 'Rent_plan', 310, ''),
(1565, 'plan', 'September', 36, 'Costs_plan', 55, ''),
(1566, 'plan', 'September', 36, 'Heating_plan', 20, ''),
(1567, 'plan', 'September', 36, 'Cable_TV', 15, ''),
(1568, 'plan', 'September', 37, 'Rent_plan', 420, ''),
(1569, 'plan', 'September', 37, 'Costs_plan', 90, ''),
(1570, 'plan', 'September', 37, 'Heating_plan', 60, ''),
(1571, 'plan', 'September', 38, 'Rent_plan', 540, ''),
(1572, 'plan', 'September', 38, 'Costs_plan', 60, ''),
(1573, 'plan', 'September', 38, 'Heating_plan', 25, ''),
(1574, 'plan', 'September', 38, 'Cable_TV', 17, ''),
(1575, 'plan', 'September', 39, 'Rent_plan', 540, ''),
(1576, 'plan', 'September', 39, 'Costs_plan', 60, ''),
(1577, 'plan', 'September', 39, 'Heating_plan', 25, ''),
(1578, 'plan', 'September', 39, 'Cable_TV', 17, ''),
(1579, 'plan', 'September', 40, 'Rent_plan', 450, ''),
(1580, 'plan', 'September', 40, 'Costs_plan', 60, ''),
(1581, 'plan', 'September', 40, 'Heating_plan', 25, ''),
(1582, 'plan', 'September', 40, 'Cable_TV', 17, ''),
(1583, 'plan', 'September', 41, 'Rent_plan', 540, ''),
(1584, 'plan', 'September', 41, 'Costs_plan', 60, ''),
(1585, 'plan', 'September', 41, 'Heating_plan', 25, ''),
(1586, 'plan', 'September', 41, 'Cable_TV', 17, ''),
(1587, 'plan', 'September', 42, 'Rent_plan', 435, ''),
(1588, 'plan', 'September', 42, 'Costs_plan', 75, ''),
(1589, 'plan', 'September', 42, 'Heating_plan', 50, ''),
(1590, 'plan', 'September', 43, 'Rent_plan', 543, ''),
(1591, 'plan', 'September', 43, 'Costs_plan', 77, ''),
(1592, 'plan', 'September', 43, 'Heating_plan', 30, ''),
(1593, 'plan', 'September', 44, 'Rent_plan', 332, ''),
(1594, 'plan', 'September', 44, 'Costs_plan', 55, ''),
(1595, 'plan', 'September', 44, 'Heating_plan', 20, ''),
(1596, 'plan', 'September', 44, 'Cable_TV', 15, ''),
(1597, 'plan', 'September', 45, 'Rent_plan', 485, ''),
(1598, 'plan', 'September', 45, 'Costs_plan', 65, ''),
(1599, 'plan', 'September', 45, 'Heating_plan', 35, ''),
(1600, 'plan', 'September', 45, 'Cable_TV', 17, ''),
(1601, 'plan', 'September', 46, 'Rent_plan', 555, ''),
(1602, 'plan', 'September', 46, 'Costs_plan', 75, ''),
(1603, 'plan', 'September', 46, 'Heating_plan', 35, ''),
(1604, 'plan', 'September', 46, 'Cable_TV', 15, ''),
(1605, 'plan', 'September', 47, 'Rent_plan', 120, ''),
(1606, 'plan', 'September', 48, 'Rent_plan', 100, ''),
(1607, 'plan', 'September', 49, 'Rent_plan', 30, ''),
(1608, 'plan', 'September', 50, 'Rent_plan', 20, ''),
(1609, 'plan', 'September', 51, 'Rent_plan', 125, ''),
(1610, 'plan', 'September', 52, 'Rent_plan', 150, ''),
(1611, 'plan', 'September', 53, 'Rent_plan', 130, ''),
(1612, 'plan', 'September', 54, 'Rent_plan', 115, ''),
(1613, 'plan', 'October', 1, 'Rent_plan', 1200, ''),
(1614, 'plan', 'October', 1, 'Costs_plan', 140, ''),
(1615, 'plan', 'October', 1, 'Heating_plan', 100, ''),
(1616, 'plan', 'October', 2, 'Rent_plan', 200, ''),
(1617, 'plan', 'October', 2, 'Costs_plan', 55, ''),
(1618, 'plan', 'October', 2, 'Heating_plan', 45, ''),
(1619, 'plan', 'October', 3, 'Rent_plan', 795, ''),
(1620, 'plan', 'October', 3, 'Costs_plan', 75, ''),
(1621, 'plan', 'October', 3, 'Heating_plan', 55, ''),
(1622, 'plan', 'October', 3, 'Cable_TV', 17, ''),
(1623, 'plan', 'October', 4, 'Rent_plan', 485, ''),
(1624, 'plan', 'October', 4, 'Costs_plan', 55, ''),
(1625, 'plan', 'October', 4, 'Heating_plan', 30, ''),
(1626, 'plan', 'October', 4, 'Cable_TV', 17, ''),
(1627, 'plan', 'October', 5, 'Rent_plan', 404, ''),
(1628, 'plan', 'October', 5, 'Costs_plan', 61, ''),
(1629, 'plan', 'October', 5, 'Heating_plan', 22, ''),
(1630, 'plan', 'October', 5, 'Cable_TV', 9, ''),
(1631, 'plan', 'October', 6, 'Rent_plan', 900, ''),
(1632, 'plan', 'October', 6, 'Costs_plan', 160, ''),
(1633, 'plan', 'October', 6, 'Heating_plan', 150, ''),
(1634, 'plan', 'October', 7, 'Rent_plan', 650, ''),
(1635, 'plan', 'October', 7, 'Costs_plan', 55, ''),
(1636, 'plan', 'October', 7, 'Heating_plan', 30, ''),
(1637, 'plan', 'October', 7, 'Cable_TV', 17, ''),
(1638, 'plan', 'October', 8, 'Rent_plan', 480, ''),
(1639, 'plan', 'October', 8, 'Costs_plan', 55, ''),
(1640, 'plan', 'October', 8, 'Heating_plan', 30, ''),
(1641, 'plan', 'October', 8, 'Cable_TV', 17, ''),
(1642, 'plan', 'October', 9, 'Rent_plan', 1450, ''),
(1643, 'plan', 'October', 9, 'Costs_plan', 128, ''),
(1644, 'plan', 'October', 9, 'Heating_plan', 90, ''),
(1645, 'plan', 'October', 9, 'Cable_TV', 17, ''),
(1646, 'plan', 'October', 10, 'Rent_plan', 525, ''),
(1647, 'plan', 'October', 10, 'Costs_plan', 65, ''),
(1648, 'plan', 'October', 10, 'Heating_plan', 40, ''),
(1649, 'plan', 'October', 10, 'Cable_TV', 17, ''),
(1650, 'plan', 'October', 11, 'Rent_plan', 355, ''),
(1651, 'plan', 'October', 11, 'Costs_plan', 50, ''),
(1652, 'plan', 'October', 11, 'Heating_plan', 20, ''),
(1653, 'plan', 'October', 11, 'Cable_TV', 17, ''),
(1654, 'plan', 'October', 12, 'Rent_plan', 485, ''),
(1655, 'plan', 'October', 12, 'Costs_plan', 65, ''),
(1656, 'plan', 'October', 12, 'Heating_plan', 40, ''),
(1657, 'plan', 'October', 12, 'Cable_TV', 17, ''),
(1658, 'plan', 'October', 13, 'Rent_plan', 490, ''),
(1659, 'plan', 'October', 13, 'Costs_plan', 45, ''),
(1660, 'plan', 'October', 13, 'Heating_plan', 35, ''),
(1661, 'plan', 'October', 14, 'Rent_plan', 495, ''),
(1662, 'plan', 'October', 14, 'Costs_plan', 55, ''),
(1663, 'plan', 'October', 14, 'Heating_plan', 35, ''),
(1664, 'plan', 'October', 14, 'Cable_TV', 17, ''),
(1665, 'plan', 'October', 15, 'Rent_plan', 485, ''),
(1666, 'plan', 'October', 15, 'Costs_plan', 60, ''),
(1667, 'plan', 'October', 15, 'Heating_plan', 25, ''),
(1668, 'plan', 'October', 15, 'Cable_TV', 17, ''),
(1669, 'plan', 'October', 16, 'Rent_plan', 310, ''),
(1670, 'plan', 'October', 16, 'Costs_plan', 75, ''),
(1671, 'plan', 'October', 16, 'Heating_plan', 40, ''),
(1672, 'plan', 'October', 16, 'Cable_TV', 15, ''),
(1673, 'plan', 'October', 17, 'Rent_plan', 150, ''),
(1674, 'plan', 'October', 17, 'Costs_plan', 50, ''),
(1675, 'plan', 'October', 17, 'Heating_plan', 20, ''),
(1676, 'plan', 'October', 17, 'Cable_TV', 15, ''),
(1677, 'plan', 'October', 18, 'Rent_plan', 457, ''),
(1678, 'plan', 'October', 18, 'Costs_plan', 58, ''),
(1679, 'plan', 'October', 18, 'Heating_plan', 30, ''),
(1680, 'plan', 'October', 19, 'Rent_plan', 360, ''),
(1681, 'plan', 'October', 19, 'Costs_plan', 75, ''),
(1682, 'plan', 'October', 19, 'Heating_plan', 70, ''),
(1683, 'plan', 'October', 19, 'Cable_TV', 15, ''),
(1684, 'plan', 'October', 20, 'Rent_plan', 350, ''),
(1685, 'plan', 'October', 20, 'Costs_plan', 50, ''),
(1686, 'plan', 'October', 20, 'Heating_plan', 20, ''),
(1687, 'plan', 'October', 20, 'Cable_TV', 17, ''),
(1688, 'plan', 'October', 21, 'Rent_plan', 255, ''),
(1689, 'plan', 'October', 21, 'Costs_plan', 50, ''),
(1690, 'plan', 'October', 21, 'Heating_plan', 20, ''),
(1691, 'plan', 'October', 21, 'Cable_TV', 15, ''),
(1692, 'plan', 'October', 22, 'Rent_plan', 342, ''),
(1693, 'plan', 'October', 22, 'Costs_plan', 57, ''),
(1694, 'plan', 'October', 22, 'Heating_plan', 30, ''),
(1695, 'plan', 'October', 23, 'Rent_plan', 470, ''),
(1696, 'plan', 'October', 23, 'Costs_plan', 45, ''),
(1697, 'plan', 'October', 23, 'Heating_plan', 35, ''),
(1698, 'plan', 'October', 24, 'Rent_plan', 285, ''),
(1699, 'plan', 'October', 24, 'Costs_plan', 50, ''),
(1700, 'plan', 'October', 24, 'Heating_plan', 20, ''),
(1701, 'plan', 'October', 24, 'Cable_TV', 15, ''),
(1702, 'plan', 'October', 25, 'Rent_plan', 265, ''),
(1703, 'plan', 'October', 25, 'Costs_plan', 45, ''),
(1704, 'plan', 'October', 25, 'Heating_plan', 20, ''),
(1705, 'plan', 'October', 25, 'Cable_TV', 15, ''),
(1706, 'plan', 'October', 26, 'Rent_plan', 360, ''),
(1707, 'plan', 'October', 26, 'Costs_plan', 45, ''),
(1708, 'plan', 'October', 26, 'Heating_plan', 35, ''),
(1709, 'plan', 'October', 27, 'Rent_plan', 380, ''),
(1710, 'plan', 'October', 27, 'Costs_plan', 80, ''),
(1711, 'plan', 'October', 27, 'Heating_plan', 25, ''),
(1712, 'plan', 'October', 27, 'Cable_TV', 17, ''),
(1713, 'plan', 'October', 28, 'Rent_plan', 265, ''),
(1714, 'plan', 'October', 28, 'Costs_plan', 52, ''),
(1715, 'plan', 'October', 28, 'Heating_plan', 15, ''),
(1716, 'plan', 'October', 28, 'Cable_TV', 12, ''),
(1717, 'plan', 'October', 29, 'Rent_plan', 315, ''),
(1718, 'plan', 'October', 29, 'Costs_plan', 50, ''),
(1719, 'plan', 'October', 29, 'Heating_plan', 25, ''),
(1720, 'plan', 'October', 29, 'Cable_TV', 17, ''),
(1721, 'plan', 'October', 30, 'Rent_plan', 490, ''),
(1722, 'plan', 'October', 30, 'Costs_plan', 50, ''),
(1723, 'plan', 'October', 30, 'Heating_plan', 50, ''),
(1724, 'plan', 'October', 30, 'Cable_TV', 17, ''),
(1725, 'plan', 'October', 31, 'Rent_plan', 342, ''),
(1726, 'plan', 'October', 31, 'Costs_plan', 57, ''),
(1727, 'plan', 'October', 31, 'Heating_plan', 30, ''),
(1728, 'plan', 'October', 32, 'Rent_plan', 342, ''),
(1729, 'plan', 'October', 32, 'Costs_plan', 40, ''),
(1730, 'plan', 'October', 32, 'Heating_plan', 30, ''),
(1731, 'plan', 'October', 32, 'Cable_TV', 17, ''),
(1732, 'plan', 'October', 33, 'Rent_plan', 495, ''),
(1733, 'plan', 'October', 33, 'Costs_plan', 45, ''),
(1734, 'plan', 'October', 33, 'Heating_plan', 35, ''),
(1735, 'plan', 'October', 34, 'Rent_plan', 235, ''),
(1736, 'plan', 'October', 34, 'Costs_plan', 40, ''),
(1737, 'plan', 'October', 34, 'Heating_plan', 40, ''),
(1738, 'plan', 'October', 34, 'Cable_TV', 15, ''),
(1739, 'plan', 'October', 35, 'Rent_plan', 340, ''),
(1740, 'plan', 'October', 35, 'Costs_plan', 40, ''),
(1741, 'plan', 'October', 35, 'Heating_plan', 40, ''),
(1742, 'plan', 'October', 35, 'Cable_TV', 15, ''),
(1743, 'plan', 'October', 36, 'Rent_plan', 310, ''),
(1744, 'plan', 'October', 36, 'Costs_plan', 55, ''),
(1745, 'plan', 'October', 36, 'Heating_plan', 20, ''),
(1746, 'plan', 'October', 36, 'Cable_TV', 15, ''),
(1747, 'plan', 'October', 37, 'Rent_plan', 420, ''),
(1748, 'plan', 'October', 37, 'Costs_plan', 90, ''),
(1749, 'plan', 'October', 37, 'Heating_plan', 60, ''),
(1750, 'plan', 'October', 38, 'Rent_plan', 540, ''),
(1751, 'plan', 'October', 38, 'Costs_plan', 60, ''),
(1752, 'plan', 'October', 38, 'Heating_plan', 25, ''),
(1753, 'plan', 'October', 38, 'Cable_TV', 17, ''),
(1754, 'plan', 'October', 39, 'Rent_plan', 540, ''),
(1755, 'plan', 'October', 39, 'Costs_plan', 60, ''),
(1756, 'plan', 'October', 39, 'Heating_plan', 25, ''),
(1757, 'plan', 'October', 39, 'Cable_TV', 17, ''),
(1758, 'plan', 'October', 40, 'Rent_plan', 450, ''),
(1759, 'plan', 'October', 40, 'Costs_plan', 60, ''),
(1760, 'plan', 'October', 40, 'Heating_plan', 25, ''),
(1761, 'plan', 'October', 40, 'Cable_TV', 17, ''),
(1762, 'plan', 'October', 41, 'Rent_plan', 540, ''),
(1763, 'plan', 'October', 41, 'Costs_plan', 60, ''),
(1764, 'plan', 'October', 41, 'Heating_plan', 25, ''),
(1765, 'plan', 'October', 41, 'Cable_TV', 17, ''),
(1766, 'plan', 'October', 42, 'Rent_plan', 435, ''),
(1767, 'plan', 'October', 42, 'Costs_plan', 75, ''),
(1768, 'plan', 'October', 42, 'Heating_plan', 50, ''),
(1769, 'plan', 'October', 43, 'Rent_plan', 543, ''),
(1770, 'plan', 'October', 43, 'Costs_plan', 77, ''),
(1771, 'plan', 'October', 43, 'Heating_plan', 30, ''),
(1772, 'plan', 'October', 44, 'Rent_plan', 332, ''),
(1773, 'plan', 'October', 44, 'Costs_plan', 55, ''),
(1774, 'plan', 'October', 44, 'Heating_plan', 20, ''),
(1775, 'plan', 'October', 44, 'Cable_TV', 15, ''),
(1776, 'plan', 'October', 45, 'Rent_plan', 485, ''),
(1777, 'plan', 'October', 45, 'Costs_plan', 65, ''),
(1778, 'plan', 'October', 45, 'Heating_plan', 35, ''),
(1779, 'plan', 'October', 45, 'Cable_TV', 17, ''),
(1780, 'plan', 'October', 46, 'Rent_plan', 555, ''),
(1781, 'plan', 'October', 46, 'Costs_plan', 75, ''),
(1782, 'plan', 'October', 46, 'Heating_plan', 35, ''),
(1783, 'plan', 'October', 46, 'Cable_TV', 15, ''),
(1784, 'plan', 'October', 47, 'Rent_plan', 120, ''),
(1785, 'plan', 'October', 48, 'Rent_plan', 100, ''),
(1786, 'plan', 'October', 49, 'Rent_plan', 30, ''),
(1787, 'plan', 'October', 50, 'Rent_plan', 20, ''),
(1788, 'plan', 'October', 51, 'Rent_plan', 125, ''),
(1789, 'plan', 'October', 52, 'Rent_plan', 150, ''),
(1790, 'plan', 'October', 53, 'Rent_plan', 130, ''),
(1791, 'plan', 'October', 54, 'Rent_plan', 115, ''),
(1792, 'plan', 'November', 1, 'Rent_plan', 1200, ''),
(1793, 'plan', 'November', 1, 'Costs_plan', 140, ''),
(1794, 'plan', 'November', 1, 'Heating_plan', 100, ''),
(1795, 'plan', 'November', 2, 'Rent_plan', 200, ''),
(1796, 'plan', 'November', 2, 'Costs_plan', 55, ''),
(1797, 'plan', 'November', 2, 'Heating_plan', 45, ''),
(1798, 'plan', 'November', 3, 'Rent_plan', 795, ''),
(1799, 'plan', 'November', 3, 'Costs_plan', 75, ''),
(1800, 'plan', 'November', 3, 'Heating_plan', 55, ''),
(1801, 'plan', 'November', 3, 'Cable_TV', 17, ''),
(1802, 'plan', 'November', 4, 'Rent_plan', 485, ''),
(1803, 'plan', 'November', 4, 'Costs_plan', 55, ''),
(1804, 'plan', 'November', 4, 'Heating_plan', 30, ''),
(1805, 'plan', 'November', 4, 'Cable_TV', 17, ''),
(1806, 'plan', 'November', 5, 'Rent_plan', 404, ''),
(1807, 'plan', 'November', 5, 'Costs_plan', 61, ''),
(1808, 'plan', 'November', 5, 'Heating_plan', 22, ''),
(1809, 'plan', 'November', 5, 'Cable_TV', 9, ''),
(1810, 'plan', 'November', 6, 'Rent_plan', 900, ''),
(1811, 'plan', 'November', 6, 'Costs_plan', 160, ''),
(1812, 'plan', 'November', 6, 'Heating_plan', 150, ''),
(1813, 'plan', 'November', 7, 'Rent_plan', 650, ''),
(1814, 'plan', 'November', 7, 'Costs_plan', 55, ''),
(1815, 'plan', 'November', 7, 'Heating_plan', 30, ''),
(1816, 'plan', 'November', 7, 'Cable_TV', 17, ''),
(1817, 'plan', 'November', 8, 'Rent_plan', 480, ''),
(1818, 'plan', 'November', 8, 'Costs_plan', 55, ''),
(1819, 'plan', 'November', 8, 'Heating_plan', 30, ''),
(1820, 'plan', 'November', 8, 'Cable_TV', 17, ''),
(1821, 'plan', 'November', 9, 'Rent_plan', 1450, ''),
(1822, 'plan', 'November', 9, 'Costs_plan', 128, ''),
(1823, 'plan', 'November', 9, 'Heating_plan', 90, ''),
(1824, 'plan', 'November', 9, 'Cable_TV', 17, ''),
(1825, 'plan', 'November', 10, 'Rent_plan', 525, ''),
(1826, 'plan', 'November', 10, 'Costs_plan', 65, ''),
(1827, 'plan', 'November', 10, 'Heating_plan', 40, ''),
(1828, 'plan', 'November', 10, 'Cable_TV', 17, ''),
(1829, 'plan', 'November', 11, 'Rent_plan', 355, ''),
(1830, 'plan', 'November', 11, 'Costs_plan', 50, ''),
(1831, 'plan', 'November', 11, 'Heating_plan', 20, ''),
(1832, 'plan', 'November', 11, 'Cable_TV', 17, ''),
(1833, 'plan', 'November', 12, 'Rent_plan', 485, ''),
(1834, 'plan', 'November', 12, 'Costs_plan', 65, ''),
(1835, 'plan', 'November', 12, 'Heating_plan', 40, ''),
(1836, 'plan', 'November', 12, 'Cable_TV', 17, ''),
(1837, 'plan', 'November', 13, 'Rent_plan', 490, ''),
(1838, 'plan', 'November', 13, 'Costs_plan', 45, ''),
(1839, 'plan', 'November', 13, 'Heating_plan', 35, ''),
(1840, 'plan', 'November', 14, 'Rent_plan', 495, ''),
(1841, 'plan', 'November', 14, 'Costs_plan', 55, ''),
(1842, 'plan', 'November', 14, 'Heating_plan', 35, ''),
(1843, 'plan', 'November', 14, 'Cable_TV', 17, ''),
(1844, 'plan', 'November', 15, 'Rent_plan', 485, ''),
(1845, 'plan', 'November', 15, 'Costs_plan', 60, ''),
(1846, 'plan', 'November', 15, 'Heating_plan', 25, ''),
(1847, 'plan', 'November', 15, 'Cable_TV', 17, ''),
(1848, 'plan', 'November', 16, 'Rent_plan', 310, ''),
(1849, 'plan', 'November', 16, 'Costs_plan', 75, ''),
(1850, 'plan', 'November', 16, 'Heating_plan', 40, ''),
(1851, 'plan', 'November', 16, 'Cable_TV', 15, ''),
(1852, 'plan', 'November', 17, 'Rent_plan', 150, ''),
(1853, 'plan', 'November', 17, 'Costs_plan', 50, ''),
(1854, 'plan', 'November', 17, 'Heating_plan', 20, ''),
(1855, 'plan', 'November', 17, 'Cable_TV', 15, ''),
(1856, 'plan', 'November', 18, 'Rent_plan', 457, ''),
(1857, 'plan', 'November', 18, 'Costs_plan', 58, ''),
(1858, 'plan', 'November', 18, 'Heating_plan', 30, ''),
(1859, 'plan', 'November', 19, 'Rent_plan', 360, ''),
(1860, 'plan', 'November', 19, 'Costs_plan', 75, ''),
(1861, 'plan', 'November', 19, 'Heating_plan', 70, ''),
(1862, 'plan', 'November', 19, 'Cable_TV', 15, ''),
(1863, 'plan', 'November', 20, 'Rent_plan', 350, ''),
(1864, 'plan', 'November', 20, 'Costs_plan', 50, ''),
(1865, 'plan', 'November', 20, 'Heating_plan', 20, ''),
(1866, 'plan', 'November', 20, 'Cable_TV', 17, ''),
(1867, 'plan', 'November', 21, 'Rent_plan', 255, ''),
(1868, 'plan', 'November', 21, 'Costs_plan', 50, ''),
(1869, 'plan', 'November', 21, 'Heating_plan', 20, ''),
(1870, 'plan', 'November', 21, 'Cable_TV', 15, ''),
(1871, 'plan', 'November', 22, 'Rent_plan', 342, ''),
(1872, 'plan', 'November', 22, 'Costs_plan', 57, ''),
(1873, 'plan', 'November', 22, 'Heating_plan', 30, ''),
(1874, 'plan', 'November', 23, 'Rent_plan', 470, ''),
(1875, 'plan', 'November', 23, 'Costs_plan', 45, ''),
(1876, 'plan', 'November', 23, 'Heating_plan', 35, ''),
(1877, 'plan', 'November', 24, 'Rent_plan', 285, ''),
(1878, 'plan', 'November', 24, 'Costs_plan', 50, ''),
(1879, 'plan', 'November', 24, 'Heating_plan', 20, ''),
(1880, 'plan', 'November', 24, 'Cable_TV', 15, ''),
(1881, 'plan', 'November', 25, 'Rent_plan', 265, ''),
(1882, 'plan', 'November', 25, 'Costs_plan', 45, ''),
(1883, 'plan', 'November', 25, 'Heating_plan', 20, ''),
(1884, 'plan', 'November', 25, 'Cable_TV', 15, ''),
(1885, 'plan', 'November', 26, 'Rent_plan', 360, ''),
(1886, 'plan', 'November', 26, 'Costs_plan', 45, ''),
(1887, 'plan', 'November', 26, 'Heating_plan', 35, ''),
(1888, 'plan', 'November', 27, 'Rent_plan', 380, ''),
(1889, 'plan', 'November', 27, 'Costs_plan', 80, ''),
(1890, 'plan', 'November', 27, 'Heating_plan', 25, ''),
(1891, 'plan', 'November', 27, 'Cable_TV', 17, ''),
(1892, 'plan', 'November', 28, 'Rent_plan', 265, ''),
(1893, 'plan', 'November', 28, 'Costs_plan', 52, ''),
(1894, 'plan', 'November', 28, 'Heating_plan', 15, ''),
(1895, 'plan', 'November', 28, 'Cable_TV', 12, ''),
(1896, 'plan', 'November', 29, 'Rent_plan', 315, ''),
(1897, 'plan', 'November', 29, 'Costs_plan', 50, ''),
(1898, 'plan', 'November', 29, 'Heating_plan', 25, ''),
(1899, 'plan', 'November', 29, 'Cable_TV', 17, ''),
(1900, 'plan', 'November', 30, 'Rent_plan', 490, ''),
(1901, 'plan', 'November', 30, 'Costs_plan', 50, ''),
(1902, 'plan', 'November', 30, 'Heating_plan', 50, ''),
(1903, 'plan', 'November', 30, 'Cable_TV', 17, ''),
(1904, 'plan', 'November', 31, 'Rent_plan', 342, ''),
(1905, 'plan', 'November', 31, 'Costs_plan', 57, ''),
(1906, 'plan', 'November', 31, 'Heating_plan', 30, ''),
(1907, 'plan', 'November', 32, 'Rent_plan', 342, ''),
(1908, 'plan', 'November', 32, 'Costs_plan', 40, ''),
(1909, 'plan', 'November', 32, 'Heating_plan', 30, ''),
(1910, 'plan', 'November', 32, 'Cable_TV', 17, ''),
(1911, 'plan', 'November', 33, 'Rent_plan', 495, ''),
(1912, 'plan', 'November', 33, 'Costs_plan', 45, ''),
(1913, 'plan', 'November', 33, 'Heating_plan', 35, ''),
(1914, 'plan', 'November', 34, 'Rent_plan', 235, ''),
(1915, 'plan', 'November', 34, 'Costs_plan', 40, ''),
(1916, 'plan', 'November', 34, 'Heating_plan', 40, ''),
(1917, 'plan', 'November', 34, 'Cable_TV', 15, ''),
(1918, 'plan', 'November', 35, 'Rent_plan', 340, ''),
(1919, 'plan', 'November', 35, 'Costs_plan', 40, ''),
(1920, 'plan', 'November', 35, 'Heating_plan', 40, ''),
(1921, 'plan', 'November', 35, 'Cable_TV', 15, ''),
(1922, 'plan', 'November', 36, 'Rent_plan', 310, ''),
(1923, 'plan', 'November', 36, 'Costs_plan', 55, ''),
(1924, 'plan', 'November', 36, 'Heating_plan', 20, ''),
(1925, 'plan', 'November', 36, 'Cable_TV', 15, ''),
(1926, 'plan', 'November', 37, 'Rent_plan', 420, ''),
(1927, 'plan', 'November', 37, 'Costs_plan', 90, ''),
(1928, 'plan', 'November', 37, 'Heating_plan', 60, ''),
(1929, 'plan', 'November', 38, 'Rent_plan', 540, ''),
(1930, 'plan', 'November', 38, 'Costs_plan', 60, ''),
(1931, 'plan', 'November', 38, 'Heating_plan', 25, ''),
(1932, 'plan', 'November', 38, 'Cable_TV', 17, ''),
(1933, 'plan', 'November', 39, 'Rent_plan', 540, ''),
(1934, 'plan', 'November', 39, 'Costs_plan', 60, ''),
(1935, 'plan', 'November', 39, 'Heating_plan', 25, ''),
(1936, 'plan', 'November', 39, 'Cable_TV', 17, ''),
(1937, 'plan', 'November', 40, 'Rent_plan', 450, ''),
(1938, 'plan', 'November', 40, 'Costs_plan', 60, ''),
(1939, 'plan', 'November', 40, 'Heating_plan', 25, ''),
(1940, 'plan', 'November', 40, 'Cable_TV', 17, ''),
(1941, 'plan', 'November', 41, 'Rent_plan', 540, ''),
(1942, 'plan', 'November', 41, 'Costs_plan', 60, ''),
(1943, 'plan', 'November', 41, 'Heating_plan', 25, ''),
(1944, 'plan', 'November', 41, 'Cable_TV', 17, ''),
(1945, 'plan', 'November', 42, 'Rent_plan', 435, ''),
(1946, 'plan', 'November', 42, 'Costs_plan', 75, ''),
(1947, 'plan', 'November', 42, 'Heating_plan', 50, ''),
(1948, 'plan', 'November', 43, 'Rent_plan', 543, ''),
(1949, 'plan', 'November', 43, 'Costs_plan', 77, ''),
(1950, 'plan', 'November', 43, 'Heating_plan', 30, ''),
(1951, 'plan', 'November', 44, 'Rent_plan', 332, ''),
(1952, 'plan', 'November', 44, 'Costs_plan', 55, ''),
(1953, 'plan', 'November', 44, 'Heating_plan', 20, ''),
(1954, 'plan', 'November', 44, 'Cable_TV', 15, ''),
(1955, 'plan', 'November', 45, 'Rent_plan', 485, ''),
(1956, 'plan', 'November', 45, 'Costs_plan', 65, ''),
(1957, 'plan', 'November', 45, 'Heating_plan', 35, ''),
(1958, 'plan', 'November', 45, 'Cable_TV', 17, ''),
(1959, 'plan', 'November', 46, 'Rent_plan', 555, ''),
(1960, 'plan', 'November', 46, 'Costs_plan', 75, ''),
(1961, 'plan', 'November', 46, 'Heating_plan', 35, ''),
(1962, 'plan', 'November', 46, 'Cable_TV', 15, ''),
(1963, 'plan', 'November', 47, 'Rent_plan', 120, ''),
(1964, 'plan', 'November', 48, 'Rent_plan', 100, ''),
(1965, 'plan', 'November', 49, 'Rent_plan', 30, ''),
(1966, 'plan', 'November', 50, 'Rent_plan', 20, ''),
(1967, 'plan', 'November', 51, 'Rent_plan', 125, ''),
(1968, 'plan', 'November', 52, 'Rent_plan', 150, ''),
(1969, 'plan', 'November', 53, 'Rent_plan', 130, ''),
(1970, 'plan', 'November', 54, 'Rent_plan', 115, ''),
(1971, 'plan', 'December', 1, 'Rent_plan', 1200, ''),
(1972, 'plan', 'December', 1, 'Costs_plan', 140, ''),
(1973, 'plan', 'December', 1, 'Heating_plan', 100, ''),
(1974, 'plan', 'December', 2, 'Rent_plan', 200, ''),
(1975, 'plan', 'December', 2, 'Costs_plan', 55, ''),
(1976, 'plan', 'December', 2, 'Heating_plan', 45, ''),
(1977, 'plan', 'December', 3, 'Rent_plan', 795, ''),
(1978, 'plan', 'December', 3, 'Costs_plan', 75, ''),
(1979, 'plan', 'December', 3, 'Heating_plan', 55, ''),
(1980, 'plan', 'December', 3, 'Cable_TV', 17, ''),
(1981, 'plan', 'December', 4, 'Rent_plan', 485, ''),
(1982, 'plan', 'December', 4, 'Costs_plan', 55, ''),
(1983, 'plan', 'December', 4, 'Heating_plan', 30, ''),
(1984, 'plan', 'December', 4, 'Cable_TV', 17, ''),
(1985, 'plan', 'December', 5, 'Rent_plan', 404, ''),
(1986, 'plan', 'December', 5, 'Costs_plan', 61, ''),
(1987, 'plan', 'December', 5, 'Heating_plan', 22, ''),
(1988, 'plan', 'December', 5, 'Cable_TV', 9, ''),
(1989, 'plan', 'December', 6, 'Rent_plan', 900, ''),
(1990, 'plan', 'December', 6, 'Costs_plan', 160, ''),
(1991, 'plan', 'December', 6, 'Heating_plan', 150, ''),
(1992, 'plan', 'December', 7, 'Rent_plan', 650, ''),
(1993, 'plan', 'December', 7, 'Costs_plan', 55, ''),
(1994, 'plan', 'December', 7, 'Heating_plan', 30, ''),
(1995, 'plan', 'December', 7, 'Cable_TV', 17, ''),
(1996, 'plan', 'December', 8, 'Rent_plan', 480, ''),
(1997, 'plan', 'December', 8, 'Costs_plan', 55, ''),
(1998, 'plan', 'December', 8, 'Heating_plan', 30, ''),
(1999, 'plan', 'December', 8, 'Cable_TV', 17, ''),
(2000, 'plan', 'December', 9, 'Rent_plan', 1450, ''),
(2001, 'plan', 'December', 9, 'Costs_plan', 128, ''),
(2002, 'plan', 'December', 9, 'Heating_plan', 90, ''),
(2003, 'plan', 'December', 9, 'Cable_TV', 17, ''),
(2004, 'plan', 'December', 10, 'Rent_plan', 525, ''),
(2005, 'plan', 'December', 10, 'Costs_plan', 65, ''),
(2006, 'plan', 'December', 10, 'Heating_plan', 40, ''),
(2007, 'plan', 'December', 10, 'Cable_TV', 17, ''),
(2008, 'plan', 'December', 11, 'Rent_plan', 355, ''),
(2009, 'plan', 'December', 11, 'Costs_plan', 50, ''),
(2010, 'plan', 'December', 11, 'Heating_plan', 20, ''),
(2011, 'plan', 'December', 11, 'Cable_TV', 17, ''),
(2012, 'plan', 'December', 12, 'Rent_plan', 485, ''),
(2013, 'plan', 'December', 12, 'Costs_plan', 65, ''),
(2014, 'plan', 'December', 12, 'Heating_plan', 40, ''),
(2015, 'plan', 'December', 12, 'Cable_TV', 17, ''),
(2016, 'plan', 'December', 13, 'Rent_plan', 490, ''),
(2017, 'plan', 'December', 13, 'Costs_plan', 45, ''),
(2018, 'plan', 'December', 13, 'Heating_plan', 35, '');
INSERT INTO `rental` (`id`, `model`, `month`, `id_description`, `purpose`, `cost`, `comments`) VALUES
(2019, 'plan', 'December', 14, 'Rent_plan', 495, ''),
(2020, 'plan', 'December', 14, 'Costs_plan', 55, ''),
(2021, 'plan', 'December', 14, 'Heating_plan', 35, ''),
(2022, 'plan', 'December', 14, 'Cable_TV', 17, ''),
(2023, 'plan', 'December', 15, 'Rent_plan', 485, ''),
(2024, 'plan', 'December', 15, 'Costs_plan', 60, ''),
(2025, 'plan', 'December', 15, 'Heating_plan', 25, ''),
(2026, 'plan', 'December', 15, 'Cable_TV', 17, ''),
(2027, 'plan', 'December', 16, 'Rent_plan', 310, ''),
(2028, 'plan', 'December', 16, 'Costs_plan', 75, ''),
(2029, 'plan', 'December', 16, 'Heating_plan', 40, ''),
(2030, 'plan', 'December', 16, 'Cable_TV', 15, ''),
(2031, 'plan', 'December', 17, 'Rent_plan', 150, ''),
(2032, 'plan', 'December', 17, 'Costs_plan', 50, ''),
(2033, 'plan', 'December', 17, 'Heating_plan', 20, ''),
(2034, 'plan', 'December', 17, 'Cable_TV', 15, ''),
(2035, 'plan', 'December', 18, 'Rent_plan', 457, ''),
(2036, 'plan', 'December', 18, 'Costs_plan', 58, ''),
(2037, 'plan', 'December', 18, 'Heating_plan', 30, ''),
(2038, 'plan', 'December', 19, 'Rent_plan', 360, ''),
(2039, 'plan', 'December', 19, 'Costs_plan', 75, ''),
(2040, 'plan', 'December', 19, 'Heating_plan', 70, ''),
(2041, 'plan', 'December', 19, 'Cable_TV', 15, ''),
(2042, 'plan', 'December', 20, 'Rent_plan', 350, ''),
(2043, 'plan', 'December', 20, 'Costs_plan', 50, ''),
(2044, 'plan', 'December', 20, 'Heating_plan', 20, ''),
(2045, 'plan', 'December', 20, 'Cable_TV', 17, ''),
(2046, 'plan', 'December', 21, 'Rent_plan', 255, ''),
(2047, 'plan', 'December', 21, 'Costs_plan', 50, ''),
(2048, 'plan', 'December', 21, 'Heating_plan', 20, ''),
(2049, 'plan', 'December', 21, 'Cable_TV', 15, ''),
(2050, 'plan', 'December', 22, 'Rent_plan', 342, ''),
(2051, 'plan', 'December', 22, 'Costs_plan', 57, ''),
(2052, 'plan', 'December', 22, 'Heating_plan', 30, ''),
(2053, 'plan', 'December', 23, 'Rent_plan', 470, ''),
(2054, 'plan', 'December', 23, 'Costs_plan', 45, ''),
(2055, 'plan', 'December', 23, 'Heating_plan', 35, ''),
(2056, 'plan', 'December', 24, 'Rent_plan', 285, ''),
(2057, 'plan', 'December', 24, 'Costs_plan', 50, ''),
(2058, 'plan', 'December', 24, 'Heating_plan', 20, ''),
(2059, 'plan', 'December', 24, 'Cable_TV', 15, ''),
(2060, 'plan', 'December', 25, 'Rent_plan', 265, ''),
(2061, 'plan', 'December', 25, 'Costs_plan', 45, ''),
(2062, 'plan', 'December', 25, 'Heating_plan', 20, ''),
(2063, 'plan', 'December', 25, 'Cable_TV', 15, ''),
(2064, 'plan', 'December', 26, 'Rent_plan', 360, ''),
(2065, 'plan', 'December', 26, 'Costs_plan', 45, ''),
(2066, 'plan', 'December', 26, 'Heating_plan', 35, ''),
(2067, 'plan', 'December', 27, 'Rent_plan', 380, ''),
(2068, 'plan', 'December', 27, 'Costs_plan', 80, ''),
(2069, 'plan', 'December', 27, 'Heating_plan', 25, ''),
(2070, 'plan', 'December', 27, 'Cable_TV', 17, ''),
(2071, 'plan', 'December', 28, 'Rent_plan', 265, ''),
(2072, 'plan', 'December', 28, 'Costs_plan', 52, ''),
(2073, 'plan', 'December', 28, 'Heating_plan', 15, ''),
(2074, 'plan', 'December', 28, 'Cable_TV', 12, ''),
(2075, 'plan', 'December', 29, 'Rent_plan', 315, ''),
(2076, 'plan', 'December', 29, 'Costs_plan', 50, ''),
(2077, 'plan', 'December', 29, 'Heating_plan', 25, ''),
(2078, 'plan', 'December', 29, 'Cable_TV', 17, ''),
(2079, 'plan', 'December', 30, 'Rent_plan', 490, ''),
(2080, 'plan', 'December', 30, 'Costs_plan', 50, ''),
(2081, 'plan', 'December', 30, 'Heating_plan', 50, ''),
(2082, 'plan', 'December', 30, 'Cable_TV', 17, ''),
(2083, 'plan', 'December', 31, 'Rent_plan', 342, ''),
(2084, 'plan', 'December', 31, 'Costs_plan', 57, ''),
(2085, 'plan', 'December', 31, 'Heating_plan', 30, ''),
(2086, 'plan', 'December', 32, 'Rent_plan', 342, ''),
(2087, 'plan', 'December', 32, 'Costs_plan', 40, ''),
(2088, 'plan', 'December', 32, 'Heating_plan', 30, ''),
(2089, 'plan', 'December', 32, 'Cable_TV', 17, ''),
(2090, 'plan', 'December', 33, 'Rent_plan', 495, ''),
(2091, 'plan', 'December', 33, 'Costs_plan', 45, ''),
(2092, 'plan', 'December', 33, 'Heating_plan', 35, ''),
(2093, 'plan', 'December', 34, 'Rent_plan', 235, ''),
(2094, 'plan', 'December', 34, 'Costs_plan', 40, ''),
(2095, 'plan', 'December', 34, 'Heating_plan', 40, ''),
(2096, 'plan', 'December', 34, 'Cable_TV', 15, ''),
(2097, 'plan', 'December', 35, 'Rent_plan', 340, ''),
(2098, 'plan', 'December', 35, 'Costs_plan', 40, ''),
(2099, 'plan', 'December', 35, 'Heating_plan', 40, ''),
(2100, 'plan', 'December', 35, 'Cable_TV', 15, ''),
(2101, 'plan', 'December', 36, 'Rent_plan', 310, ''),
(2102, 'plan', 'December', 36, 'Costs_plan', 55, ''),
(2103, 'plan', 'December', 36, 'Heating_plan', 20, ''),
(2104, 'plan', 'December', 36, 'Cable_TV', 15, ''),
(2105, 'plan', 'December', 37, 'Rent_plan', 420, ''),
(2106, 'plan', 'December', 37, 'Costs_plan', 90, ''),
(2107, 'plan', 'December', 37, 'Heating_plan', 60, ''),
(2108, 'plan', 'December', 38, 'Rent_plan', 540, ''),
(2109, 'plan', 'December', 38, 'Costs_plan', 60, ''),
(2110, 'plan', 'December', 38, 'Heating_plan', 25, ''),
(2111, 'plan', 'December', 38, 'Cable_TV', 17, ''),
(2112, 'plan', 'December', 39, 'Rent_plan', 540, ''),
(2113, 'plan', 'December', 39, 'Costs_plan', 60, ''),
(2114, 'plan', 'December', 39, 'Heating_plan', 25, ''),
(2115, 'plan', 'December', 39, 'Cable_TV', 17, ''),
(2116, 'plan', 'December', 40, 'Rent_plan', 450, ''),
(2117, 'plan', 'December', 40, 'Costs_plan', 60, ''),
(2118, 'plan', 'December', 40, 'Heating_plan', 25, ''),
(2119, 'plan', 'December', 40, 'Cable_TV', 17, ''),
(2120, 'plan', 'December', 41, 'Rent_plan', 540, ''),
(2121, 'plan', 'December', 41, 'Costs_plan', 60, ''),
(2122, 'plan', 'December', 41, 'Heating_plan', 25, ''),
(2123, 'plan', 'December', 41, 'Cable_TV', 17, ''),
(2124, 'plan', 'December', 42, 'Rent_plan', 435, ''),
(2125, 'plan', 'December', 42, 'Costs_plan', 75, ''),
(2126, 'plan', 'December', 42, 'Heating_plan', 50, ''),
(2127, 'plan', 'December', 43, 'Rent_plan', 543, ''),
(2128, 'plan', 'December', 43, 'Costs_plan', 77, ''),
(2129, 'plan', 'December', 43, 'Heating_plan', 30, ''),
(2130, 'plan', 'December', 44, 'Rent_plan', 332, ''),
(2131, 'plan', 'December', 44, 'Costs_plan', 55, ''),
(2132, 'plan', 'December', 44, 'Heating_plan', 20, ''),
(2133, 'plan', 'December', 44, 'Cable_TV', 15, ''),
(2134, 'plan', 'December', 45, 'Rent_plan', 485, ''),
(2135, 'plan', 'December', 45, 'Costs_plan', 65, ''),
(2136, 'plan', 'December', 45, 'Heating_plan', 35, ''),
(2137, 'plan', 'December', 45, 'Cable_TV', 17, ''),
(2138, 'plan', 'December', 46, 'Rent_plan', 555, ''),
(2139, 'plan', 'December', 46, 'Costs_plan', 75, ''),
(2140, 'plan', 'December', 46, 'Heating_plan', 35, ''),
(2141, 'plan', 'December', 46, 'Cable_TV', 15, ''),
(2142, 'plan', 'December', 47, 'Rent_plan', 120, ''),
(2143, 'plan', 'December', 48, 'Rent_plan', 100, ''),
(2144, 'plan', 'December', 49, 'Rent_plan', 30, ''),
(2145, 'plan', 'December', 50, 'Rent_plan', 20, ''),
(2146, 'plan', 'December', 51, 'Rent_plan', 125, ''),
(2147, 'plan', 'December', 52, 'Rent_plan', 150, ''),
(2148, 'plan', 'December', 53, 'Rent_plan', 130, ''),
(2149, 'plan', 'December', 54, 'Rent_plan', 115, ''),
(2150, 'actual', 'January', 1, 'Rent_plan', 1200, ''),
(2151, 'actual', 'January', 1, 'Costs_plan', 140, ''),
(2152, 'actual', 'January', 1, 'Heating_plan', 100, ''),
(2153, 'actual', 'January', 2, 'Rent_plan', 400, ''),
(2154, 'actual', 'January', 2, 'Costs_plan', 110, ''),
(2155, 'actual', 'January', 2, 'Heating_plan', 90, ''),
(2156, 'actual', 'January', 3, 'Rent_plan', 560, ''),
(2157, 'actual', 'January', 3, 'Costs_plan', 75, ''),
(2158, 'actual', 'January', 3, 'Heating_plan', 55, ''),
(2159, 'actual', 'January', 3, 'Cable_TV', 17, ''),
(2160, 'actual', 'January', 4, 'Rent_plan', 485, ''),
(2161, 'actual', 'January', 4, 'Costs_plan', 55, ''),
(2162, 'actual', 'January', 4, 'Heating_plan', 30, ''),
(2163, 'actual', 'January', 4, 'Cable_TV', 17, ''),
(2164, 'actual', 'January', 5, 'Rent_plan', 404, ''),
(2165, 'actual', 'January', 5, 'Costs_plan', 61, ''),
(2166, 'actual', 'January', 5, 'Heating_plan', 22, ''),
(2167, 'actual', 'January', 5, 'Cable_TV', 9, ''),
(2168, 'actual', 'January', 9, 'Rent_plan', 495, ''),
(2169, 'actual', 'January', 9, 'Costs_plan', 128, ''),
(2170, 'actual', 'January', 9, 'Heating_plan', 90, ''),
(2171, 'actual', 'January', 9, 'Cable_TV', 17, ''),
(2172, 'actual', 'January', 10, 'Rent_plan', 525, ''),
(2173, 'actual', 'January', 10, 'Costs_plan', 65, ''),
(2174, 'actual', 'January', 10, 'Heating_plan', 40, ''),
(2175, 'actual', 'January', 10, 'Cable_TV', 17, ''),
(2176, 'actual', 'January', 11, 'Rent_plan', 450, ''),
(2177, 'actual', 'January', 11, 'Costs_plan', 50, ''),
(2178, 'actual', 'January', 11, 'Heating_plan', 20, ''),
(2179, 'actual', 'January', 11, 'Cable_TV', 17, ''),
(2180, 'actual', 'January', 12, 'Rent_plan', 485, ''),
(2181, 'actual', 'January', 12, 'Costs_plan', 65, ''),
(2182, 'actual', 'January', 12, 'Heating_plan', 40, ''),
(2183, 'actual', 'January', 12, 'Cable_TV', 17, ''),
(2184, 'actual', 'January', 13, 'Rent_plan', 490, ''),
(2185, 'actual', 'January', 13, 'Costs_plan', 45, ''),
(2186, 'actual', 'January', 13, 'Heating_plan', 35, ''),
(2187, 'actual', 'January', 14, 'Rent_plan', 495, ''),
(2188, 'actual', 'January', 14, 'Costs_plan', 55, ''),
(2189, 'actual', 'January', 14, 'Heating_plan', 35, ''),
(2190, 'actual', 'January', 14, 'Cable_TV', 17, ''),
(2191, 'actual', 'January', 16, 'Rent_plan', 310, ''),
(2192, 'actual', 'January', 16, 'Costs_plan', 75, ''),
(2193, 'actual', 'January', 16, 'Heating_plan', 40, ''),
(2194, 'actual', 'January', 16, 'Cable_TV', 15, ''),
(2195, 'actual', 'January', 17, 'Rent_plan', 150, ''),
(2196, 'actual', 'January', 17, 'Costs_plan', 65, ''),
(2197, 'actual', 'January', 17, 'Heating_plan', 20, ''),
(2198, 'actual', 'January', 17, 'Cable_TV', 15, ''),
(2199, 'actual', 'January', 18, 'Rent_plan', 450, ''),
(2200, 'actual', 'January', 18, 'Costs_plan', 45, ''),
(2201, 'actual', 'January', 18, 'Heating_plan', 25, ''),
(2202, 'actual', 'January', 18, 'Cable_TV', 17, ''),
(2203, 'actual', 'January', 19, 'Rent_plan', 360, ''),
(2204, 'actual', 'January', 19, 'Costs_plan', 75, ''),
(2205, 'actual', 'January', 19, 'Heating_plan', 70, ''),
(2206, 'actual', 'January', 19, 'Cable_TV', 15, ''),
(2207, 'actual', 'January', 20, 'Rent_plan', 350, ''),
(2208, 'actual', 'January', 20, 'Costs_plan', 50, ''),
(2209, 'actual', 'January', 20, 'Heating_plan', 20, ''),
(2210, 'actual', 'January', 20, 'Cable_TV', 17, ''),
(2211, 'actual', 'January', 21, 'Rent_plan', 255, ''),
(2212, 'actual', 'January', 21, 'Costs_plan', 70, ''),
(2213, 'actual', 'January', 21, 'Heating_plan', 20, ''),
(2214, 'actual', 'January', 21, 'Cable_TV', 15, ''),
(2215, 'actual', 'January', 22, 'Rent_plan', 1341, ''),
(2216, 'actual', 'January', 22, 'Costs_plan', 55, ''),
(2217, 'actual', 'January', 22, 'Heating_plan', 20, ''),
(2218, 'actual', 'January', 22, 'Cable_TV', 15, ''),
(2219, 'actual', 'January', 23, 'Rent_plan', 470, ''),
(2220, 'actual', 'January', 23, 'Costs_plan', 45, ''),
(2221, 'actual', 'January', 23, 'Heating_plan', 35, ''),
(2222, 'actual', 'January', 24, 'Rent_plan', 285, ''),
(2223, 'actual', 'January', 24, 'Costs_plan', 80, ''),
(2224, 'actual', 'January', 24, 'Heating_plan', 20, ''),
(2225, 'actual', 'January', 24, 'Cable_TV', 15, ''),
(2226, 'actual', 'January', 25, 'Rent_plan', 260, ''),
(2227, 'actual', 'January', 25, 'Costs_plan', 45, ''),
(2228, 'actual', 'January', 25, 'Heating_plan', 20, ''),
(2229, 'actual', 'January', 25, 'Cable_TV', 15, ''),
(2230, 'actual', 'January', 26, 'Rent_plan', 360, ''),
(2231, 'actual', 'January', 26, 'Costs_plan', 45, ''),
(2232, 'actual', 'January', 26, 'Heating_plan', 35, ''),
(2233, 'actual', 'January', 28, 'Rent_plan', 265, ''),
(2234, 'actual', 'January', 28, 'Costs_plan', 52, ''),
(2235, 'actual', 'January', 28, 'Heating_plan', 15, ''),
(2236, 'actual', 'January', 28, 'Cable_TV', 12, ''),
(2237, 'actual', 'January', 29, 'Rent_plan', 315, ''),
(2238, 'actual', 'January', 29, 'Costs_plan', 50, ''),
(2239, 'actual', 'January', 29, 'Heating_plan', 25, ''),
(2240, 'actual', 'January', 29, 'Cable_TV', 17, ''),
(2241, 'actual', 'January', 30, 'Rent_plan', 490, ''),
(2242, 'actual', 'January', 30, 'Costs_plan', 50, ''),
(2243, 'actual', 'January', 30, 'Heating_plan', 50, ''),
(2244, 'actual', 'January', 30, 'Cable_TV', 17, ''),
(2245, 'actual', 'January', 32, 'Rent_plan', 313, ''),
(2246, 'actual', 'January', 32, 'Costs_plan', 40, ''),
(2247, 'actual', 'January', 32, 'Heating_plan', 30, ''),
(2248, 'actual', 'January', 32, 'Cable_TV', 17, ''),
(2249, 'actual', 'January', 33, 'Rent_plan', 495, ''),
(2250, 'actual', 'January', 33, 'Costs_plan', 45, ''),
(2251, 'actual', 'January', 33, 'Heating_plan', 35, ''),
(2252, 'actual', 'January', 34, 'Rent_plan', 235, ''),
(2253, 'actual', 'January', 34, 'Costs_plan', 40, ''),
(2254, 'actual', 'January', 34, 'Heating_plan', 40, ''),
(2255, 'actual', 'January', 34, 'Cable_TV', 15, ''),
(2256, 'actual', 'January', 35, 'Rent_plan', 680, ''),
(2257, 'actual', 'January', 35, 'Costs_plan', 80, ''),
(2258, 'actual', 'January', 35, 'Heating_plan', 80, ''),
(2259, 'actual', 'January', 35, 'Cable_TV', 14, ''),
(2260, 'actual', 'January', 36, 'Rent_plan', 210, ''),
(2261, 'actual', 'January', 36, 'Costs_plan', 55, ''),
(2262, 'actual', 'January', 36, 'Heating_plan', 20, ''),
(2263, 'actual', 'January', 36, 'Cable_TV', 15, ''),
(2264, 'actual', 'January', 38, 'Rent_plan', 540, ''),
(2265, 'actual', 'January', 38, 'Costs_plan', 60, ''),
(2266, 'actual', 'January', 38, 'Heating_plan', 25, ''),
(2267, 'actual', 'January', 38, 'Cable_TV', 17, ''),
(2268, 'actual', 'January', 40, 'Rent_plan', 450, ''),
(2269, 'actual', 'January', 40, 'Costs_plan', 150, ''),
(2270, 'actual', 'January', 40, 'Heating_plan', 25, ''),
(2271, 'actual', 'January', 40, 'Cable_TV', 17, ''),
(2272, 'actual', 'January', 41, 'Rent_plan', 540, ''),
(2273, 'actual', 'January', 41, 'Costs_plan', 60, ''),
(2274, 'actual', 'January', 41, 'Heating_plan', 25, ''),
(2275, 'actual', 'January', 41, 'Cable_TV', 17, ''),
(2276, 'actual', 'January', 45, 'Rent_plan', 485, ''),
(2277, 'actual', 'January', 45, 'Costs_plan', 65, ''),
(2278, 'actual', 'January', 45, 'Heating_plan', 35, ''),
(2279, 'actual', 'January', 45, 'Cable_TV', 17, ''),
(2280, 'actual', 'January', 46, 'Rent_plan', 555, ''),
(2281, 'actual', 'January', 46, 'Costs_plan', 75, ''),
(2282, 'actual', 'January', 46, 'Heating_plan', 35, ''),
(2283, 'actual', 'January', 46, 'Cable_TV', 15, ''),
(2284, 'actual', 'January', 47, 'Rent_plan', 120, ''),
(2285, 'actual', 'January', 48, 'Rent_plan', 100, ''),
(2286, 'actual', 'January', 49, 'Rent_plan', 30, ''),
(2287, 'actual', 'January', 50, 'Rent_plan', 20, ''),
(2288, 'actual', 'January', 51, 'Rent_plan', 125, ''),
(2289, 'actual', 'January', 52, 'Rent_plan', 150, '');

-- --------------------------------------------------------

--
-- Структура таблицы `users`
--

CREATE TABLE `users` (
  `id` int(6) NOT NULL,
  `login` varchar(16) NOT NULL,
  `password` varchar(120) NOT NULL,
  `access` int(3) NOT NULL
) ENGINE=InnoDB DEFAULT CHARSET=utf8;

--
-- Дамп данных таблицы `users`
--

INSERT INTO `users` (`id`, `login`, `password`, `access`) VALUES
(1, 'i.kozir', '$2y$10$a6M37pDROwX8e9cEkGSffOq49jujaGfRpzoORZrdTly4JmKjMzIP6', 1),
(2, 'admin', '$2y$10$jvo1J..N8J/LBFTxGr1hnOwEvDF7apECtYO8VXOxCllkZLy/4urlu', 2);

--
-- Индексы сохранённых таблиц
--

--
-- Индексы таблицы `costs`
--
ALTER TABLE `costs`
  ADD UNIQUE KEY `id` (`id`),
  ADD KEY `id_costs` (`id_costs`);

--
-- Индексы таблицы `costs_name`
--
ALTER TABLE `costs_name`
  ADD UNIQUE KEY `id` (`id`);

--
-- Индексы таблицы `description`
--
ALTER TABLE `description`
  ADD PRIMARY KEY (`id`),
  ADD UNIQUE KEY `id` (`id`);

--
-- Индексы таблицы `rent`
--
ALTER TABLE `rent`
  ADD PRIMARY KEY (`id`),
  ADD UNIQUE KEY `id` (`id`),
  ADD KEY `id_description` (`id_description`);

--
-- Индексы таблицы `rental`
--
ALTER TABLE `rental`
  ADD UNIQUE KEY `id` (`id`),
  ADD KEY `id_description` (`id_description`);

--
-- Индексы таблицы `users`
--
ALTER TABLE `users`
  ADD UNIQUE KEY `id` (`id`);

--
-- AUTO_INCREMENT для сохранённых таблиц
--

--
-- AUTO_INCREMENT для таблицы `costs`
--
ALTER TABLE `costs`
  MODIFY `id` int(6) NOT NULL AUTO_INCREMENT, AUTO_INCREMENT=161;
--
-- AUTO_INCREMENT для таблицы `costs_name`
--
ALTER TABLE `costs_name`
  MODIFY `id` int(6) NOT NULL AUTO_INCREMENT, AUTO_INCREMENT=21;
--
-- AUTO_INCREMENT для таблицы `description`
--
ALTER TABLE `description`
  MODIFY `id` int(6) NOT NULL AUTO_INCREMENT, AUTO_INCREMENT=55;
--
-- AUTO_INCREMENT для таблицы `rent`
--
ALTER TABLE `rent`
  MODIFY `id` int(6) NOT NULL AUTO_INCREMENT, AUTO_INCREMENT=55;
--
-- AUTO_INCREMENT для таблицы `rental`
--
ALTER TABLE `rental`
  MODIFY `id` int(6) NOT NULL AUTO_INCREMENT, AUTO_INCREMENT=2290;
--
-- AUTO_INCREMENT для таблицы `users`
--
ALTER TABLE `users`
  MODIFY `id` int(6) NOT NULL AUTO_INCREMENT, AUTO_INCREMENT=3;
--
-- Ограничения внешнего ключа сохраненных таблиц
--

--
-- Ограничения внешнего ключа таблицы `rent`
--
ALTER TABLE `rent`
  ADD CONSTRAINT `rent_ibfk_1` FOREIGN KEY (`id_description`) REFERENCES `description` (`id`);

/*!40101 SET CHARACTER_SET_CLIENT=@OLD_CHARACTER_SET_CLIENT */;
/*!40101 SET CHARACTER_SET_RESULTS=@OLD_CHARACTER_SET_RESULTS */;
/*!40101 SET COLLATION_CONNECTION=@OLD_COLLATION_CONNECTION */;
